Unnamed: 0,headers_text,headers_link
1800,"Choques entre campesinos y el Esmad por proyecto petrolero en Guamal
lun, 24 jul 2017
En la ma√±ana de este lunes se escribi√≥ un nuevo cap√≠tulo de los conflictos socioambientales generados por la industria petrolera en el pa√≠s. Agentes del ...",https://www.semana.com/esmad-y-campesinos-chocan-por-proyecto-petrolero-en-guamal/38270/
1801,"¬øQu√© pasa con los Cerros Orientales?
mar, 8 ago 2017
LOS CERROS ORIENTALES Y LA FRANJA DE ADECUACI√ìN ¬øQu√©? Es la intenci√≥n de la Alcald√≠a de Bogot√° por cambiar el uso de los suelos en ...",https://www.semana.com/cerros-orientales-que-ocurre-quiere-o-no-la-alcaldia-urbanizarlos/38373/
1802,"Calcular nuestro impacto en la naturaleza y c√≥mo tomar acciones
mar, 18 jul 2017
La presidente y fundadora de la asociaci√≥n franco-colombiana de conservaci√≥n del bosque Envol Vert habl√≥ con Semana Sostenible sobre estas dos herramientas y de c√≥mo ...",https://www.semana.com/pacto-biodiversidad-y-huella-forestal-calcular-nuestro-impacto-y-tomar-accion/38239/
1803,"Avanzan labores para salvar a jaguares y pumas en fincas del Caquet√°
mar, 18 jul 2017
La deforestaci√≥n, los cultivos il√≠citos y la ganader√≠a extensiva han reducido considerablemente el h√°bitat de jaguares y pumas. Esto ha generado que cada vez sea ...",https://www.semana.com/corpoamazonia-busca-ayuda-para-salvar-a-jaguares-y-pumas/38240/
1804,"‚ÄúEl petr√≥leo amenaza el p√°ramo, el agua y la seguridad alimentaria‚Äù
mi√©, 24 may 2017
El auge de las consultas populares sigue creciendo en el pa√≠s. Esta semana se conoci√≥ que el Tribunal Administrativo de Cundinamarca declar√≥ la constitucionalidad de ...",https://www.semana.com/alcalde-de-pasca-petroleo-amenaza-paramo-agua-y-seguridad-alimentaria/37894/
1805,"El cultivo de palma aceitera seca a los Montes de Mar√≠a
mar, 6 jun 2017
Por: Pablo Rodero y Mar√≠a Rado para Semana Sostenible y Mongabay Latam. En Palo Altico nunca hubo acueducto ni agua potable. Sin embargo, ese nunca ...",https://www.semana.com/palma-aceitera-y-su-cultivo-seca-a-los-montes-de-maria-en-bolivar/37966/
1806,"‚ÄúEn Sudam√©rica falta articulaci√≥n para la conservaci√≥n de especies‚Äù
jue, 18 may 2017
Durante los √∫ltimos 30 a√±os, el argentino Enrique Crespo se ha dedicado a la investigaci√≥n de cet√°ceos como el delf√≠n de r√≠o. Hoy es un ...",https://www.semana.com/medio-ambiente/articulo/delfines-en-el-amazonas-en-peligro-enrique-crespo-dice-que-no-hay-articulacion/37833/
1807,"Las 8 cosas que debe saber sobre la consulta minera en Cajamarca
dom, 26 mar 2017
El domingo 26 de marzo ser√° un d√≠a hist√≥rico para la miner√≠a en Colombia. En Cajamarca, un municipio tolimense ubicado a 45 minutos de Ibagu√©, ...",https://www.semana.com/cajamarca-8-cosas-que-debe-saber-sobre-la-consulta/37400/
1808,"Simios amenazados por comercio de cr√°neos y partes del cuerpo
jue, 23 feb 2017
Por: Mongabay Latam - Eugene N. Nforngwa / Traducido por Isabel Beguirist√°in Nidos, huellas y excrementos han dirigido a los primat√≥logos hasta nuevas poblaciones de ...",https://www.semana.com/simios-de-camerun-amenazados-por-comercio-de-craneos-y-partes-del-cuerpo/37177/
1809,"La ganader√≠a devora la reserva Bosawas en Nicaragua
mar, 28 feb 2017
Por: Michelle Carrere / Mongabay Latam Unas cuantas horas en mula hacen falta para llegar, desde el camino ripiado en las cercan√≠as de Siuna, a ...",https://www.semana.com/ganaderia-devora-la-reserva-bosawas-en-nicaragua/37206/
1810,"‚ÄúColombia empieza a tener una nueva imagen ante el mundo‚Äù
jue, 16 feb 2017
Desde este viernes y hasta el domingo, los pajareros colombianos estar√°n de feria. Durante esos tres d√≠as, los amantes de las aves se reunir√°n en ...",https://www.semana.com/wade-davis-y-colombia-como-destino-de-observadores-de-aves/37128/
1811,"Los incumplimientos y avances con el r√≠o Bogot√°
jue, 24 nov 2016
¬øQu√© ha pasado con el fallo?, ¬ølas instituciones y los municipios han cumplido? Estas son algunas de las preguntas que trata de responder la Cl√≠nica ...",https://www.semana.com/rio-bogota-la-deuda-con-el-fallo-del-consejo-de-estado/36539/
1812,"Quibd√≥: Conexi√≥n y confianza
jue, 15 dic 2016
A los habitantes del Pac√≠fico les sobran los motivos para sentir desconfianza, pero los participantes en Detonante 2016 tuvieron muchos para remediar esa situaci√≥n. El ...",https://www.semana.com/quibdo-conexion-y-confianza/36678/
1813,"Banco Mundial se retira del proyecto minero en el p√°ramo de Santurb√°n
mar, 20 dic 2016
*Nota actualizada el mi√©rcoles 21 de diciembre con declaraciones de IFC. En septiembre pasado se gener√≥ una gran controversia al conocerse que la Corporaci√≥n Financiera ...",https://www.semana.com/banco-mundial-se-retira-del-proyecto-minero-en-el-paramo-de-santurban/36714/
1814,"Fauna silvestre a la venta
vie, 21 oct 2016
Mar√≠a Lourdes Zimmermann/Mongabay Latam Lapiceros sin minas con agua en su interior, son el dep√≥sito de dos o tres alevinos, as√≠ se le conoce a ...",https://www.semana.com/trafico-animal-a-la-venta-en-colombia/36333/
1815,"Amenazan a opositores del primer proyecto de Fracking en Colombia
mi√©, 14 sept 2016
Carlos Andr√©s Santiago vocero de la Corporaci√≥n Defensora del Agua, Territorio y Ecosistemas (Cordatec), una agremiacion que se opone a la exploraci√≥n y extracci√≥n de ...",https://www.semana.com/fracking-en-colombia-amenazan-a-opositores-del-primer-proyecto-en-el-pais/36060/
1816,"Comunidad de Cartagena le gana una batalla a Reficar y a la contaminaci√≥n
jue, 18 ago 2016
Desde el esc√°ndalo de los sobrecostos de Reficar, la compa√±√≠a no ha parado de generar pol√©mica. La Refiner√≠a de Cartagena, uno de los proyectos m√°s ...",https://www.semana.com/reficar-suspenden-transporte-de-coque-de-petroleo-gracias-a-tutela/35863/
1817,"Se revocar√°n t√≠tulos mineros en parques nacionales
lun, 23 feb 2009
Miner√≠a en Colombia s√≠, pero ambientalmente responsable. Miner√≠a en Colombia s√≠, pero sin que se roben la plata de las regal√≠as y nos dejen como ...",https://www.semana.com/se-revocaran-titulos-mineros-parques-nacionales/100416-3/
1818,"En la Orinoquia, Huila y Santander conservar√°n m√°s de 11.000 hect√°reas
jue, 3 jun 2021
En momentos en que la p√©rdida de biodiversidad va en aumento, las estrategias que se adopten para frenar esta tendencia ser√°n clave no solo para ...",https://www.semana.com/sostenible/medio-ambiente/articulo/en-la-orinoquia-huila-y-santander-conservaran-mas-de-11000-hectareas/202103/
1819,"¬øEst√°n haciendo fracking en Colombia?
lun, 9 sept 2019
En la audiencia de pr√°ctica de pruebas que se desarrollar√° este lunes en el Consejo de Estado, en el marco de la demanda presentada por ...",https://www.semana.com/podrian-estar-haciendo-fracking-en-colomiba/46675/
1820,"As√≠ va la regulaci√≥n de las bolsas pl√°sticas en Colombia
lun, 30 ene 2017
El pasado 30 de diciembre Colombia se uni√≥ al selecto grupo de pa√≠ses que cuentan con una regulaci√≥n respecto al uso de bolsas pl√°sticas. La ...",https://www.semana.com/bolsas-plasticas-en-colombia-asi-va-la-regulacion/36962/
1821,"Cr√≠a de abejas: la apuesta econ√≥mica pospandemia
jue, 6 ago 2020
La apicultura en el mundo es un sector clave no solo por su aporte al fortalecimiento de las econom√≠as, sino por lo que representan las ...",https://www.semana.com/medio-ambiente/articulo/apicultura-sector-clave-para-reactivacion-economica-en-colombia--coronavirus/53533/
1822,"1,6 millones de metros c√∫bicos de sedimentos ser√°n extra√≠dos anualmente de la Laguna de F√∫quene
mi√©, 4 mar 2020
La sedimentaci√≥n y la apropiaci√≥n il√≠cita de sus terrenos, son dos de las problem√°ticas hist√≥rica que ha venido enfrentando la Laguna de F√∫quene. La disposici",https://www.semana.com/medio-ambiente/articulo/16-millones-de-metros-cubicos-de-sedimentos-seran-extraidos-anualmente-de-la-laguna-de-fuquene/48862/
1823,"Las 9 cosas que debe saber sobre la Misi√≥n de Crecimiento Verde
jue, 2 feb 2017
Para nadie es un secreto que en los √∫ltimos a√±os Colombia ha basado su estrategia de desarrollo en la explotaci√≥n intensiva de sus recursos naturales. ...",https://www.semana.com/mision-de-crecimiento-verde-9-cosas-que-debe-saber/36995/
1824,"Las bondades ocultas de los bosques
mi√©, 27 mar 2019
Para nadie es un secreto que la deforestaci√≥n est√° acabando con el principal tesoro verde que habita en el territorio nacional: el bosque. Sus principales ...",https://www.semana.com/medio-ambiente/articulo/las-bondades-ocultas-de-los-bosques/43526/
1825,"Oso andino caz√≥ un ternero en p√°ramo de Guasca; CAR pidi√≥ no atentar contra el ...
mi√©, 6 jul 2022
En redes sociales circula un video en el que se observa el momento exacto en que un oso de anteojos, tambi√©n conocido como oso andino, ...",https://www.semana.com/sostenible/medio-ambiente/articulo/oso-andino-cazo-un-ternero-en-paramo-de-guasca-car-pidio-no-atentar-contra-el-animal/202254/
1826,"Crean misi√≥n de expertos para velar por la recuperaci√≥n de los humedales
mar, 2 feb 2021
Realizar recomendaciones para la actualizaci√≥n de instrumentos de planeaci√≥n como los Planes de Manejo Ambiental y el proceso de construcci√≥n del Plan de Ordenamiento Territorial",https://www.semana.com/crean-mision-de-expertos-para-velar-por-la-recuperacion-de-los-humedales--bogota/59106/
1827,"Adoptan medidas ante posible aumento de residuos hospitalarios por coronavirus
mi√©, 25 mar 2020
El coronavirus tiende a disparar la demanda de servicios de salud en todo el pa√≠s y por ende el n√∫mero de residuos hospitalarios como jeringas, ...",https://www.semana.com/medio-ambiente/articulo/adoptan-medidas-ante-posible-aumento-de-residuos-hospitalarios-por-coronavirus/49246/
1828,"""Es necesario que la legislaci√≥n ambiental sea modificada para poder implementar el fracking"": Juan Pablo ...
mar, 19 feb 2019
El aval al gobierno nacional para que adelante proyectos piloto integrales de investigaci√≥n de fracking (PPI), por parte de la comisi√≥n de expertos para la ...",https://www.semana.com/es-necesario-que-la-legislacion-ambiental-sea-modificada-para-poder-implementar-el-fracking-juan-pablo-ruiz/43036/
1829,"El primer c√≥digo ambiental y los Parques Nacionales Naturales
jue, 3 ago 2017
Esta semana Parques Nacionales Naturales celebr√≥ el 40 aniversario de la declaraci√≥n de 18 √°reas protegidas de gran importancia para el pa√≠s. Lo que pocos ...",https://www.semana.com/el-primer-codigo-ambiental-de-colombia-y-los-parques-nacionales-naturales/38344/
1830,"Anla le pone freno a proyecto piloto de fracking en Colombia
jue, 11 jul 2019
Como una victoria recibieron las organizaciones que est√°n en contra de la implementaci√≥n del fracking en Colombia la noticia sobre la suspensi√≥n del tr√°mite de ...",https://www.semana.com/medio-ambiente/articulo/anla-le-pone-freno-a-proyecto-piloto-de-fracking-en-colombia/44971/
1831,"¬øC√≥mo se invertir√°n los 288.000 millones que don√≥ Reino Unido para los bosques?
vie, 12 jun 2020
Ante el auge de la p√©rdida de bosque que se viene registrando en algunas zonas del pa√≠s durante el tiempo de aislamiento obligatorio establecido por ...",https://www.semana.com/medio-ambiente/articulo/como-se-invertiran-los-288000-millones-que-dono-reino-unido-para-los-bosques/51917/
1832,"El dilema de la miner√≠a en la sabana de Bogot√°
mi√©, 13 sept 2017
En diciembre del a√±o pasado el Ministerio de Ambiente emiti√≥ la resoluci√≥n 2001 en la que defin√≠a 24 zonas compatibles con las explotaciones mineras en ...",https://www.semana.com/mineria-en-la-sabana-de-bogota-or-que-hacer-mineria-en-esta-zona-de-colombia/38632/
1833,"No permitir√°n etiquetar el glifosato como cancer√≠geno
dom, 11 ago 2019
Un fallo, proferido hace un par de d√≠as, se ha convertido en la mejor noticia para el gigante agr√≠cola estadounidense Monsanto y su casa matriz ...",https://www.semana.com/no-permitiran-etiquetar-el-glifosato-como-cancerigeno/45329/
1834,"Los expertos que tendr√°n en sus manos definir el futuro del fracking en Colombia
mar, 30 oct 2018
En manos de un grupo de ambientalistas, hidr√≥logos, ge√≥logos, ingenieros civiles y bi√≥logos, nacionales e internacionales, estar√° la decisi√≥n sobre si se implementa",https://www.semana.com/medio-ambiente/articulo/los-expertos-que-tendran-en-sus-manos-definir-el-futuro-del-fracking-en-colombia/41949/
1835,"M√°s de un mill√≥n y medio de abejas habr√≠an muerto envenenadas en Quind√≠o
mar, 29 sept 2020
De nuevo las abejas vuelven a convertirse en v√≠ctimas del hombre. Como ya ha ocurrido en varias oportunidades en diferentes zonas del departamento del Quind√≠o ...",https://www.semana.com/medio-ambiente/articulo/un-millon-y-medio-de-abejas-murieron-envenenadas-en-quindio---colombia-hoy/55866/
1836,"Procuradur√≠a pidi√≥ implementar un proceso pedag√≥gico de ahorro eficiente de agua, antes de la imposici√≥n ...
jue, 31 dic 2009
La Procuradur√≠a General de la Naci√≥n solicit√≥ al Ministro de Ambiente, Vivienda y Desarrollo Territorial, Carlos Costa Posada, surtir previamente un proceso pedag√≥gico sobre ahorro ...",https://www.semana.com/procuraduria-pidio-implementar-proceso-pedagogico-ahorro-eficiente-agua-antes-imposicion-sanciones/111569-3/
1837,"Premio internacional para la directora de Parques Nacionales Naturales
mi√©, 18 ene 2017
La organizaci√≥n International Conservation Caucus Foundation (ICCF), destac√≥ a la directora de Parques Nacionales Naturales de Colombia, Julia Miranda, como una de las conservacionistas",https://www.semana.com/julia-miranda-gana-el-premio-good-steward-de-la-iccf/36872/
1838,"En gesti√≥n del agua, ¬øc√≥mo est√° el PND?
lun, 1 abr 2019
Pacto por Colombia, Pacto por la Equidad es el nombre del Plan Nacional de Desarrollo (PND) del presidente Iv√°n Duque, cuyo proyecto de ley entr√≥ ...",https://www.semana.com/medio-ambiente/articulo/en-gestion-del-agua-como-esta-el-pnd/43491/
1839,"¬øQui√©n piensa en los animales callejeros? El proyecto de ley que busca garantizarles atenci√≥n
mi√©, 5 dic 2018
En Colombia existe cerca de 1 mill√≥n de animales dom√©sticos en estado de abandono , seg√∫n datos del Ministerio de Salud, correspondientes al a√±o 2016. ...",https://www.semana.com/medio-ambiente/articulo/municipios-estarian-obligados-garantizar-atencion-veterinaria-y-esterilizacion-a-animales-callejeros/42292/
1840,"La sequ√≠a se apoder√≥ de La Chorrera, la cascada escalonada m√°s alta de Colombia
jue, 22 mar 2018
‚ÄúSe acab√≥ La Chorrera‚Äù . Esas fueron las primeras palabras que pronunci√≥ Ricardo Guzm√°n al ver el panorama que hoy padece la cascada escalonada m√°s ...",https://www.semana.com/medio-ambiente/articulo/cascada-la-chorrera-en-choachi-esta-casi-seca-por-falta-de-lluvias/39736/
1841,"Cardenalito: el p√°jaro desaparece de cielos y bosques de Venezuela
mi√©, 24 may 2017
Por: Jeanfreddy Guti√©rrez Torres / Mongabay Latam El cardenalito (Spinus cucullatus) es considerado sentimentalmente como el ave nacional de Venezuela tras el amplio trabajo de ...",https://www.semana.com/cardenalito-el-pajaro-que-desaparece-de-cielos-y-bosques-en-venezuela/37883/
1842,"Ciclorrutas en calzada aumentar√≠an uso de la bicicleta
mar, 20 sept 2016
Por: Agencia de noticias Universidad Nacional As√≠ lo explica Luis Eduardo Gonz√°lez Sanguino, mag√≠ster en Ingenier√≠a de Transporte de la Universidad Nacional de Colombia",https://www.semana.com/ciclorrutas-en-calzada-aumentarian-uso-de-la-bicicleta/36100/
1843,"COP15 acuerda hoja de ruta para proteger el 30 % del planeta y evitar la ...
lun, 19 dic 2022
Los pa√≠ses adoptaron el lunes un acuerdo hist√≥rico para revertir d√©cadas de destrucci√≥n ambiental que amenaza a las especies y los ecosistemas del mundo en ...",https://www.semana.com/sostenible/medio-ambiente/articulo/cop15-acuerda-hoja-de-ruta-para-proteger-el-30-del-planeta-y-evitar-la-extincion-masiva-de-especies/202235/
1844,"Piden crear acuerdo global, similar al de Par√≠s, para proteger la biodiversidad
mar, 26 ene 2021
La presidenta de la Comisi√≥n Europea, Ursula von der Leyen, pidi√≥ este martes un acuerdo global para proteger la biodiversidad con la misma escala y ...",https://www.semana.com/piden-crear-acuerdo-global-similar-al-de-paris-para-proteger-la-biodiversidad/58978/
1845,"Potencias mundiales, salvo Estados Unidos, se comprometieron a alcanzar objetivos del clima del Acuerdo de ...
s√°b, 1 dic 2018
Los firmantes del Acuerdo de Par√≠s, que tambi√©n adoptaron el Plan de Acci√≥n de Hamburgo, reafirmaron que el Acuerdo de Par√≠s es irreversible y se ...",https://www.semana.com/medio-ambiente/articulo/potencias-mundiales-salvo-estados-unidos-se-comprometieron-a-alcanzar-objetivos-del-clima-del-acuerdo-de-paris/42263/
1846,"Shell, Walmart y otras empresas piden cumplir con el Acuerdo de Par√≠s
mi√©, 26 abr 2017
Donald Trump desde que estaba en campa√±a no ocult√≥ nunca su intenci√≥n de desvincular a Estados Unidos de los distintos acuerdos clim√°ticos que, seg√∫n √©l, ...",https://www.semana.com/shell-walmart-y-otras-empresas-piden-a-trump-cumplir-con-el-acuerdo-de-paris/37644/
1847,"G7 afronta la retirada de Estados Unidos del Acuerdo de Par√≠s
lun, 12 jun 2017
Los ministros de Medioambiente del G7 comenzaron este domingo una reuni√≥n de dos d√≠as en Bolonia, en el norte de Italia, un encuentro marcado por ...",https://www.semana.com/g7-de-medioambinte-afronta-la-retirada-de-estados-unidos-del-acuerdo-de-paris/38016/
1848,"Multinacionales piden a Trump que respete Acuerdo de Par√≠s
jue, 17 nov 2016
M√°s de 360 empresas, en su mayor√≠a estadounidenses, pidieron este mi√©rcoles al presidente electo Donald Trump que respete el Acuerdo de Par√≠s contra el cambio ...",https://www.semana.com/multinacionales-piden-a-trump-que-respete-acuerdo-de-paris/36498/
1849,"COP 22 dej√≥ una hoja de ruta para aplicar el Acuerdo de Par√≠s
lun, 21 nov 2016
La COP22, la cumbre de Marrakech, concluy√≥ el pasado viernes con la aprobaci√≥n de un documento que da los primeros pasos en la redacci√≥n de ...",https://www.semana.com/cop-22-dejo-una-hoja-de-ruta-para-aplicar-el-acuerdo-de-paris/36519/
1850,"Acuerdo de Par√≠s - Houston
vie, 1 sept 2017",https://www.semana.com/acuerdo-de-paris---houston-por-bacteria-en-caricatura/38551/
1851,"Acuerdo de Par√≠s
mar, 6 jun 2017",https://www.semana.com/acuerdo-de-paris-por-bacteria-en-caricatura/37977/
1852,"Macron dice que no va a retroceder en la lucha contra el calentamiento gobal
mar, 19 sept 2017
Una de las intervenciones m√°s esperadas en la Asamblea General de la ONU era la de Emmanuel Macron. Como se sabe, el presidente franc√©s ha ...",https://www.semana.com/acuerdo-de-paris-no-sera-renegociado-segun-el-presidente-frances-emmanuel-macron/38677/
1853,"Cumbre Mundial sobre el Clima: 194 pa√≠ses esperan que Trump cumpla
lun, 8 may 2017
Cerca de 3.000 delegados se re√∫nen estos d√≠as en la ciudad alemana de Bonn antes de la pr√≥xima gran conferencia sobre el clima COP23 a ...",https://www.semana.com/cumbre-mundial-sobre-el-clima-194-paises-esperan-que-trump-cumpla/37733/
1854,"La crisis amaz√≥nica, una cat√°strofe para la imagen internacional de Brasil
mi√©, 28 ago 2019
El pa√≠s vive la mayor crisis de imagen de los √∫ltimos 50 a√±os"", dijo el exministro y embajador Rubens Ricupero al diario O Globo. En ...",https://www.semana.com/medio-ambiente/articulo/la-crisis-amazonica-una-catastrofe-para-la-imagen-internacional-de-brasil/46561/
1855,"Comienza la primera cumbre del clima con Trump como presidente
lun, 6 nov 2017
La Conferencia de Naciones Unidas sobre el Cambio Clim√°tico que se realiza en Bonn (Alemania) centra la atenci√≥n del planeta. Han pasado dos a√±os desde ...",https://www.semana.com/cumbre-de-bonn-sobre-cambio-climatico/38919/
1856,"Empresas, estados y ciudades en Estados Unidos se unen por el clima
lun, 5 jun 2017
Gobernadores, alcaldes, empresas y universidades denunciaron el lunes en una carta con m√°s de mil firmas el ‚Äúgrave error‚Äù del presidente Donald Trump de retirarse ...",https://www.semana.com/empresas-estados-y-ciudades-denuncian-error-de-trump-en-acuerdo-de-paris/37960/
1857,"La ONU le pide a Brasil proteger la Amazon√≠a de manera urgente
jue, 22 ago 2019
La ONU urgi√≥ este jueves a proteger"" la Amazon√≠a, donde proliferan incendios forestales que pueden comprometer la lucha contra el calentamiento global, poco despu√©s de ...",https://www.semana.com/medio-ambiente/articulo/onu-le-pide-a-brasil-proteger-la-amazonia-arrasada-por-incendios/45466/
1858,"Banco Mundial no financiar√° proyectos petroleros y de gas despu√©s de 2019
mar, 12 dic 2017
El Banco Mundial anunci√≥ este martes en una cumbre sobre el cambio clim√°tico en Par√≠s que dejar√° de financiar la exploraci√≥n y extracci√≥n de petr√≥leo ...",https://www.semana.com/banco-mundial-no-financiara-proyectos-petroleros-y-de-gas-desde-2019/39162/
1859,"¬øConoce al hombre que grab√≥ video con una danta de p√°ramo?
mar, 22 oct 2019
Las autoridades ambientales buscan a una persona que realiz√≥ un video con una danta de p√°ramo: mam√≠fero en peligro de extinci√≥n, no solo en el ...",https://www.semana.com/medio-ambiente/articulo/buscan-a-hombre-que-grabo-video-con-animal-en-peligro-de-extincion/47220/
1860,"Inquietudes sobre el fracking
mi√©, 28 ago 2019
¬øCu√°l es el mensaje que quiere transmitir al pa√≠s con este anuncio? ¬øSer√° dar a entender que el Consejo de Estado, las autoridades ambientales y ...",https://www.semana.com/medio-ambiente/articulo/inquietudes-sobre-el-fracking/46554/
1861,"En Francia cerraron una carretera para permitir que los sapos copulen
jue, 18 ene 2018
Tambi√©n los sapos tienen derecho a procrear en paz. Eso creen en un pueblo costero de la Breta√±a francesa que decidi√≥ cerrar entre el 15 ...",https://www.semana.com/francia-cierra-una-carretera-para-permitir-que-los-sapos-copulen/39355/
1862,"¬øMonos mellizos?: S√≠ y estas son sus primeras fotograf√≠as
vie, 21 jul 2017
Por: Mongabay Latam Todo comenz√≥ cuando en el 2015 el Servicio Nacional Forestal y de Fauna Silvestre (Serfor) rescat√≥ a cuatro monos vivos, conocidos como ...",https://www.semana.com/monos-mellizos-si-y-estas-son-sus-primeras-fotografias/38263/
1863,"Caterine Ibarg√ºen se ‚Äúsalt√≥‚Äù el protocolo en la inauguraci√≥n de los Juegos Ol√≠mpicos de Tokio ...
vie, 23 jul 2021
Con una espectacular ceremonia se dio inicio oficial a los Juegos Ol√≠mpicos de Tokio 2020. El emperador Naruhito declar√≥ oficialmente ‚Äúabiertos‚Äù las justas, un a√±o ...",https://www.semana.com/deportes/articulo/caterine-ibarguen-se-salto-el-protocolo-en-la-inauguracion-de-los-juegos-olimpicos-de-tokio-2020-asi-fue-el-show-de-la-reina-colombiana/202117/
1864,"üî¥ Tokio 2020: Reviva los mejores momento de la inauguraci√≥n de los Juegos Ol√≠mpicos
vie, 23 jul 2021
Al fin lleg√≥ el d√≠a que Jap√≥n llevaba esperando desde el 13 de septiembre de 2013 , cuando Tokio fue elegida sede de los Juegos ...",https://www.semana.com/deportes/articulo/en-vivo-vea-la-ceremonia-de-inauguracion-de-los-juegos-olimpicos-de-tokio-2020-en-directo/202140/
1865,"Covid-19: el manejo de la antorcha ol√≠mpica anticipa c√≥mo ser√°n los Juegos Ol√≠mpicos de Tokio
lun, 10 may 2021
Con el lema ‚Äúla esperanza ilumina nuestro camino‚Äù, el relevo de la antorcha, igual que la planificaci√≥n de los actos inaugurales y su protocolo, se ...",https://www.semana.com/deportes/articulo/covid-19-el-manejo-de-la-antorcha-olimpica-anticipa-como-seran-los-juegos-olimpicos-de-tokio/202118/
1866,"Sindicato de Avianca pidi√≥ aumentar sanciones a pasajeros agresivos
mi√©, 16 feb 2022
Los pilotos de Avianca, que hacen parte de la Organizaci√≥n Sindical de Aviadores de Avianca (Odeaa), se unieron al llamado urgente que hizo la aerol√≠nea ...",https://www.semana.com/economia/empresas/articulo/sindicato-de-avianca-pidio-aumentar-sanciones-a-pasajeros-agresivos/202227/
1867,"International Board autoriza probar las sustituciones por conmoci√≥n
vie, 28 feb 2020
La International Board (IFAB), organismo que regula el reglamento del f√∫tbol, anunci√≥ este s√°bado 29 de febrero, tras la asamblea anual celebrada en Belfast, que ...",https://www.semana.com/international-board-autoriza-probar-las-sustituciones-por-conmocion/654385/
1868,"U.E. pide ayuda para naciones pobres en combate del cambio clim√°tico
mar, 20 oct 2009
Estrasburgo, Francia ‚Äî El pedido coincide con la reuni√≥n en Luxemburgo de los ministros de Hacienda de las 27 naciones del bloque para analizar la ...",https://www.semana.com/ue-pide-ayuda-para-naciones-pobres-combate-del-cambio-climatico/85399/
1869,"Terrorismo, todo por hacer
dom, 5 may 2002
Actualmente est√°n en vigor 19 tratados mundiales o regionales relativos al tema del terrorismo internacional. Muchos de ellos orientados a prevenir y castigar los actos ...",https://www.semana.com/opinion/articulo/terrorismo-todo-hacer/50586-3/
1870,"Espa√±a no llor√≥ ni una hora a Luis Enrique: este es su reemplazo tras el ...
jue, 8 dic 2022
‚ÄúLa RFEF ha elegido a Luis de la Fuente como nuevo seleccionador nacional absoluto. El director deportivo, Jos√© Francisco Molina, ha trasladado un informe al ...",https://www.semana.com/deportes/articulo/espana-no-lloro-ni-una-hora-a-luis-enrique-su-reemplazo-tras-el-mundial-de-qatar-2022/202224/
1871,"Juegos Ol√≠mpicos | Lleg√≥ el primer equipo ol√≠mpico a Jap√≥n
lun, 31 may 2021
Empieza la cuenta regresiva para el comienzo de los Juegos Ol√≠mpicos Tokio 2020 y este martes en la ma√±ana de Jap√≥n (lunes en la noche ...",https://www.semana.com/deportes/articulo/juegos-olimpicos-llego-el-primer-equipo-olimpico-a-japon/202126/
1872,"Figura del Barcelona, que se fue eliminada del Mundial Qatar 2022, est√° contemplando dejar el ...
s√°b, 10 dic 2022
La eliminaci√≥n de Espa√±a a manos de Marruecos en el Mundial Qatar 2022 cay√≥ como un baldado de agua fr√≠a para los seguidores del f√∫tbol ...",https://www.semana.com/deportes/articulo/figura-del-barcelona-que-se-fue-eliminada-del-mundial-qatar-2022-esta-contemplando-dejar-el-club/202258/
1873,"Espa√±a presentar√° el remplazo de Luis Enrique para su selecci√≥n, ¬øde qui√©n se trata?
dom, 11 dic 2022
El t√©cnico Luis de la Fuente ser√° presentado este lunes en el Sal√≥n Luis Aragon√©s de la Ciudad del F√∫tbol de Las Rozas (Madrid) como ...",https://www.semana.com/deportes/articulo/espana-presentara-el-remplazo-de-luis-enrique-para-su-seleccion-de-quien-se-trata/202225/
1874,"‚ÄúAgradezco a la Primera Dama de Jap√≥n, Yuko Kishida, su invitaci√≥n a conocernos‚Äù: Ver√≥nica Alcocer
mi√©, 28 sept 2022
Mientras el presidente Gustavo Petro sigue justificando la presencia de su esposa, Ver√≥nica Alcocer, en algunos actos internacionales, este mi√©rcoles ella apareci√≥ en sus redes ...",https://www.semana.com/politica/articulo/agradezco-a-la-primera-dama-de-japon-yuko-kishida-su-invitacion-a-conocernos-veronica-alcocer/202228/
1875,"Juanita G√≥mez sale en defensa de la primera dama Ver√≥nica Alcocer en la pol√©mica por ...
vie, 30 sept 2022
Ver√≥nica Alcocer no ha sido la √∫nica primera dama de Colombia en ser designada como ‚Äúembajadora de misi√≥n especial‚Äù, lo comprob√≥ SEMANA en los archivos ...",https://www.semana.com/nacion/articulo/juanita-gomez-sale-en-defensa-de-la-primera-dama-veronica-alcocer-en-la-polemica-por-sus-viajes-pero-hace-una-dura-critica-y-le-jala-las-orejas-al-gobierno-petro/202208/
1876,"Los atletas podr√°n expresar opiniones pol√≠ticas en los Juegos Ol√≠mpicos, excepto en las pruebas
vie, 2 jul 2021
El Comit√© Ol√≠mpico Internacional anunci√≥ este viernes que autoriz√≥ a los atletas que participan en los Juegos Ol√≠mpicos de Tokio a expresar sus opiniones pol√≠ticas, ...",https://www.semana.com/deportes/articulo/los-atletas-podran-expresar-opiniones-politicas-en-los-juegos-olimpicos-excepto-en-las-pruebas/202158/
1877,"A prop√≥sito del ataque de Rusia a Ucrania: ¬øqu√© son exactamente las armas qu√≠micas?
jue, 7 abr 2022
En las zonas de conflicto, los ej√©rcitos disponen de dos tipos de armas: las denominadas convencionales y las ‚Äúno convencionales‚Äù. En la clasificaci√≥n de armas ...",https://www.semana.com/mundo/articulo/a-proposito-del-ataque-de-rusia-a-ucrania-que-son-exactamente-las-armas-quimicas/202243/
1878,"Historia del nazismo en Colombia
s√°b, 4 dic 2021
Colombiano narra la historia de su padre, un sobreviviente de Dachau y Auschwitz | Atlas del Nazismo ‚ÄúDescubrimos esto despu√©s de que √©l muri√≥ en ...",https://www.semana.com/especiales-editoriales/articulo/historia-del-nazismo-en-colombia/202113/
1879,"Comit√© Ol√≠mpico radica demanda por la derrota de Yuberjen y plantea tres opciones; una de ...
mi√©, 4 ago 2021
No para la pol√©mica tras la derrota de Yuberjen Mart√≠nez , que ante los ojos no solo de los aficionados y seguidores sino tambi√©n del ...",https://www.semana.com/deportes/articulo/comite-olimpico-radica-demanda-por-la-derrota-de-yuberjen-y-plantea-tres-opciones-una-de-ellas-es-declararlo-ganador/202109/
1880,"Manuel Merino, nuevo presidente de Per√∫, ¬øqui√©n es y c√≥mo ser√° su relaci√≥n con Colombia?
mar, 10 nov 2020
Per√∫ atraviesa por una crisis institucional y democr√°tica, pues en cuatro a√±os los peruanos han tenido que someterse a la gesti√≥n de tres presidentes: Pedro ...",https://www.semana.com/mundo/articulo/manuel-merino-nuevo-presidente-de-peru-quien-es-y-como-sera-su-relacion-con-colombia/202035/
1881,"MinDeporte conf√≠a en que los entrenamientos individuales regresen en junio
jue, 21 may 2020
Ernesto Lucena, ministro del Deporte, anunci√≥ ante la Comisi√≥n S√©ptima del Senado de la Rep√∫blica cu√°les son las acciones que se han adoptado desde esa ...",https://www.semana.com/mindeporte-confia-en-que-los-entrenamientos-individuales-regresen-en-junio/673018/
1882,"Todo por amor
dom, 12 feb 2006
Durante 36 a√±os, la princesa Sayako, la menor y √∫nica hija de los emperadores Akihito y Michiko, tuvo una existencia privilegiada, pero aislada, en el ...",https://www.semana.com/todo-amor/76141-3/
1883,"Seis protagonistas de esta semana
s√°b, 17 nov 2018
Palabra de Michelle Lanzado el martes 13, Becoming (Mi historia), el libro de memorias de Michelle Obama , ha tenido el √©xito esperado, y m√°s. ...",https://www.semana.com/seis-protagonistas-de-esta-semana/591106/
1884,"‚ÄúLa meta es ser de nuevo campeones‚Äù
s√°b, 11 nov 2017
Coldeportes le cumpli√≥ al pa√≠s con los escenarios de los XVIII Juegos Bolivarianos. ¬øC√≥mo lograron tenerlos a tiempo en solo un a√±o y medio? Clara ...",https://www.semana.com/la-meta-es-ser-de-nuevo-campeones/546888/
1885,"El desconocido mundo de las escuelas donde los zainichi de Corea del Norte estudian en ...
vie, 3 nov 2017
En medio del barrio Kita Ku, a un costado de la Universidad Teikyo, est√° instalada la Tokyo Korean High School. Es una escuela a todas ...",https://www.semana.com/el-desconocido-mundo-de-las-escuelas-donde-los-zainichi-de-corea-del-norte-estudian-en-japon/545918/
1886,"Mandatarios de Jap√≥n y Venezuela acuerdan fortalecer v√≠nculos
dom, 5 abr 2009
(TOKIO) El primer ministro japon√©s Taro Aso y el presidente venezolano Hugo Ch√°vez decidieron el lunes profundizar las relaciones en energ√≠a, inversiones y comercio con ...",https://www.semana.com/actualidad/noticias/articulo/mandatarios-japon-venezuela-acuerdan-fortalecer-vinculos/76321/
1887,"¬øPor qu√© en Jap√≥n los jefes NO felicitan a sus empleados?
jue, 15 sept 2016
¬°C√°llate!"", grit√≥ el hombre que presid√≠a la mesa. Todo el mundo se detuvo y mir√≥ a Keiko Sakurai, quien inmediatamente se dio cuenta del error ...",https://www.semana.com/por-que-en-japon-los-jefes-no-felicitan-a-sus-empleados/65071/
1888,"La econom√≠a
mi√©, 12 dic 2012
El costo de la paz Si las negociaciones de paz entre el Gobierno y las Farc llegan a feliz t√©rmino, a partir del pr√≥ximo a√±o ...",https://www.semana.com/la-economia/166249/
1889,"Un d√≠a como hoy
jue, 10 mar 2011
1760 Nace Leandro Fern√°ndez de Morat√≠n, dramaturgo espa√±ol. 1764 El Gobierno ingl√©s vota el impuesto sobre sus colonias de Am√©rica del Norte, lo que origin√≥, ...",https://www.semana.com/entretenimiento/articulo/un-dia-como-hoy/236575-3/
1890,"Se intensifican debates en cumbre clim√°tica de Canc√∫n
vie, 10 dic 2010
Una vez m√°s, las negociaciones anuales estipuladas por el tratado clim√°tico de las Naciones Unidas se acercaban al final sin esperanzas de producir un tratado ...",https://www.semana.com/se-intensifican-debates-cumbre-climatica-cancun/109381/
1891,"Terrorismo
s√°b, 8 nov 2008
‚Äú¬øQu√© es lo que fue? Lo mismo ser√°. ¬øQu√© es lo que ha sido hecho? Lo mismo que se har√°, pues nada hay nuevo debajo ...",https://www.semana.com/opinion/blogs/entrada-blog/terrorismo/320908/
1892,"La batalla de la soya
vie, 30 may 2008
Desde el retorno de la democracia en 1983, no se hab√≠a visto una movilizaci√≥n de ese tama√±o. M√°s de 200.000 personas se reunieron en Rosario ...",https://www.semana.com/mundo/articulo/la-batalla-soya/93020-3/
1893,"Los Top 10 sobre el Calentamiento Global
lun, 16 jul 2007
¬øPor qu√© se produce el Calentamiento Global? El efecto invernadero es una actividad natural que le permite al planeta retener parte de la energ√≠a solar ...",https://www.semana.com/los-top-10-sobre-calentamiento-global/87115-3/
1894,"China y Jap√≥n anuncian nueva era de relaciones
mar, 10 abr 2007
Tokio.- Los l√≠deres de China y Jap√≥n anunciaron el mi√©rcoles una nueva era de v√≠nculos m√°s cercanos entre sus dos pa√≠ses, que supere las disputas ...",https://www.semana.com/actualidad/noticias/articulo/china-japon-anuncian-nueva-relaciones/43626/
1895,"Cielo nublado
s√°b, 29 may 2004
En s√≥lo siete d√≠as el clima de la Tierra se enloquece. Hay tornados en Los √Ångeles. Huracanes, ciclones y tsunamis se desatan por todas partes. ...",https://www.semana.com/cielo-nublado/65788-3/
1896,"¬øD√≥nde est√°n los japoneses?
dom, 29 feb 2004
Con un mapa de Barranquilla en la mano y una mochila Spalding en la espalda, Ryoichi Kuno parece el t√≠pico japon√©s que viaja en plan ...",https://www.semana.com/donde-estan-japoneses/63832-3/
1897,"""MI VIDA POR UN TRONO""
dom, 11 jul 1993
LUEGO DE LAS DEsastrosas experiencias matrimoniales de Diana Spencer, Sara Ferguson y Carolina de M√≥naco, ninguna mujer parede so√±ar con un principe azul. La estricta ...",https://www.semana.com/gente/articulo/mi-vida-por-un-trono/20207-3/
1898,"Ecuatorianos rechazan explotaci√≥n petrolera en la Amazon√≠a en decisi√≥n hist√≥rica
lun, 21 ago 2023
El futuro del petr√≥leo en Ecuador se jug√≥ este domingo en un in√©dito e hist√≥rico plebiscito nacional que decidir√≠a si se deja de explotar uno ...",https://www.semana.com/mundo/articulo/ecuatorianos-rechazan-explotacion-petrolera-en-la-amazonia-en-decision-historica/202314/
1899,"As√≠ ser√°n los pilotos de fracking en Colombia
dom, 5 sept 1999
El fracking se sigue abriendo paso en Colombia . De la mano del Gobierno nacional el establecimiento de esta t√©cnica de fracturaci√≥n hidr√°ulica de hidrocarburos ...",https://www.semana.com/asi-seran-los-pilotos-de-fracking-en-colombia-hoy--noticias-/52836/
1900,"Valle del Cauca: la CVC sella 17 bocaminas y socavones dedicados a la miner√≠a ilegal
mi√©, 14 jun 2023
A finales del a√±o 2022, la Corporaci√≥n Aut√≥noma Regional del Valle del Cauca (CVC) present√≥ la ruta de trabajo para mejorar las condiciones ambientales de ...",https://www.semana.com/sostenible/medio-ambiente/articulo/valle-del-cauca-la-cvc-sella-17-bocaminas-y-socavones-dedicados-a-la-mineria-ilegal/202356/
1901,"Gustavo Petro presenta sus propuestas ambientales en foro virtual
jue, 29 jul 2021
Este jueves 29 de julio, el candidato presidencial Gustavo Petro expondr√° las propuestas ambientales y clim√°ticas de su programa de gobierno y responder√° las inquietudes ...",https://www.semana.com/sostenible/medio-ambiente/articulo/gustavo-petro-presenta-sus-propuestas-ambientales-en-foro-virtual/202138/
1902,"Las CAR destinar√°n $140.000 millones para la educaci√≥n ambiental de Colombia
dom, 13 dic 2020
‚ÄúUn sistema ambiental, por una cultura ambiental responsable y √©tica para la sostenibilidad en las regiones‚Äù, es el nombre del acuerdo que firmaron las 33 ...",https://www.semana.com/medio-ambiente/articulo/las-car-destinaran-140000-millones-para-la-educacion-ambiental-de-colomb-ia/58184/
1903,"Fotos | As√≠ es Parques del R√≠o, la renovaci√≥n urbana y ambiental de Medell√≠n
mi√©, 23 sept 2020
La Alcald√≠a de Medell√≠n anunci√≥ la culminaci√≥n de los trabajos que estaban pendientes en Parques del R√≠o, lo que permite la apertura total de este ...",https://www.semana.com/nacion/regionales/articulo/fotos-asi-es-parques-del-rio-la-renovacion-urbana-y-ambiental-de-medellin/202045/
1904,"¬øEn peligro los recursos para la paz ambiental?
mar, 14 feb 2017
El presidente Juan Manuel Santos y el ministro de Ambiente Luis Gilberto Murillo anunciaron este martes la creaci√≥n del ‚ÄòFondo Colombia Sostenible‚Äô en el Banco ...",https://www.semana.com/fast-track-y-medioambiente-en-peligro-los-recursos/37102/
1905,"Joseph Madiath y Michael Kaufman estar√°n en la Cumbre de Sostenibilidad
dom, 19 ago 2018
Expertos internacionales de la talla de Joseph Madiath, fundador de Gram Vikas, asistir√°n al pa√≠s para contarnos de primera mano sobre su trabajo con las ...",https://www.semana.com/medio-ambiente/articulo/cumbre-de-sostenibilidad-2018-en-bogota/41376/
1906,"El papel de los veedores ambientales despu√©s del Acuerdo de Paz
lun, 12 dic 2016
El cronograma de implementaci√≥n del Acuerdo de Paz establece un periodo de 18 meses, a partir de la ratificaci√≥n, para adelantar una etapa de estabilizaci√≥n ...",https://www.semana.com/corporaciones-autonomas-y-su-papel-en-en-acuerdo-de-paz/36652/
1907,"Anulan utilidad p√∫blica y ambiental de la Van Der Hammen
vie, 16 dic 2016
A pesar de que estudios, expertos y datos, respaldan la importancia de la reserva Thomas Van Der Hammen para la sostenibilidad ambiental de Bogot√°, este ...",https://www.semana.com/reserva-van-der-hammen-penalosa-anula-utilidad-publica-y-ambiental/36693/
1908,"Proteger los oc√©anos, el urgente llamado al mundo que hizo Marta Luc√≠a Ram√≠rez
mi√©, 23 mar 2022
El Gobierno nacional instal√≥ el Foro Internacional de Pa√≠ses Bioce√°nicos 2022 en el que la vicepresidenta y canciller Marta Luc√≠a Ram√≠rez hizo un urgente llamado ...",https://www.semana.com/sostenibilidad/medio-ambiente/articulo/proteger-los-oceanos-el-urgente-llamado-al-mundo-que-hizo-marta-lucia-ramirez/202252/
1909,"Conferencia de las Am√©ricas: esfuerzos contra el comercio ilegal de vida silvestre en Colombia
mi√©, 6 abr 2022
Este martes 5 de abril, inici√≥ en Cartagena la II Conferencia de Alto Nivel de las Am√©ricas sobre el Comercio Ilegal de Vida Silvestre que ...",https://www.semana.com/sostenible/medio-ambiente/articulo/conferencia-de-las-americas-esfuerzos-contra-el-comercio-ilegal-de-vida-silvestre-en-colombia/202251/
1910,"En Valle del Cocora piden limitar aforo de turistas para evitar da√±o ambiental
mar, 19 abr 2022
En la vereda del Valle del Cocora, a 2.250 metros sobre el nivel del mar, se produce el 65 % del agua que se consume ...",https://www.semana.com/sostenible/medio-ambiente/articulo/en-valle-del-cocora-piden-limitar-aforo-de-turistas-para-evitar-dano-ambiental/202251/
1911,"Consumo sostenible: empresas y consumidores deben cambiar de mentalidad
lun, 26 ago 2019
Una encuesta realizada por la organizaci√≥n sin √°nimo de lucro CDP encontr√≥ que 16 grandes multinacionales, como Nestl√© y Coca Cola, est√°n trabajando para reducir ...",https://www.semana.com/consumo-sostenible-empresas-y-consumidores-deben-cambiar-de-mentalidad/45535/
1912,"Crean pasos elevados para proteger parque We‚Äôpe Wala, en Tolima
mar, 28 jul 2020
En el suroccidente del departamento del Tolima, en el corregimiento de Herrera, en Rioblanco, est√° un √°lbum vivo lleno de postales de exuberante belleza: el ...",https://www.semana.com/crean-pasos-elevados-en-parque-del-tolima-proteger-ecosistemas-colombia-hoy/53442/
1913,"Los ojos que vigilan los predios salvados por Bochica
s√°b, 30 may 2020
Vertimientos industriales y agropecuarios a trav√©s de tuber√≠as ilegales, el arrojo de basuras a su ronda, escombros, inseguridad, consumo de drogas, hacen ya parte de ...",https://www.semana.com/medio-ambiente/articulo/los-ojos-que-vigilan-los-predios-salvados-por-bochica/51429/
1914,"‚ÄúEn Colombia, la investigaci√≥n en temas ambientales es d√©bil‚Äù: Brigitte Baptiste
s√°b, 27 jul 2019
Luego de diez a√±os dirigiendo el Instituto Alexander Von Humboldt, una de las entidades medioambientales m√°s importantes del pa√≠s, Brigitte Baptiste asumir√° la rector&iacut",https://www.semana.com/medio-ambiente/articulo/en-colombia-la-investigacion-en-temas-ambientales-es-debil-brigitte-baptiste/45156/
1915,"Cundinamarca tendr√° su propio jard√≠n bot√°nico
mi√©, 10 jul 2019
En el municipio de Tocaima estar√° ubicado el primer jard√≠n bot√°nico de Cundinamarca, un proyecto que tardar√° unos dos a√±os en construirse y tendr√° un ...",https://www.semana.com/medio-ambiente/articulo/cundinamarca-tendra-su-propio-jardin-botanico/44961/
1916,"Pymes entran en la onda de la sostenibilidad
vie, 12 abr 2019
Mostrar indicadores de sostenibilidad va m√°s all√° de rendir cuentas. Medir lo que las organizaciones hacen en este aspecto brinda la posibilidad de tener una ...",https://www.semana.com/medio-ambiente/articulo/pymes-entran-en-la-onda-de-la-sostenibilidad/43416/
1917,"Convocan a entidades p√∫blicas y privadas a trabajar unidas en pro del desarrollo sostenible
mar, 4 sept 2018
Un llamado a seguir trabajando por la senda del desarrollo sostenible desde el sector p√∫blico y privado se hizo durante la jornada de apertura de ...",https://www.semana.com/medio-ambiente/articulo/convocan-a-entidades-publicas-y-privadas-a-trabajar-unidas-en-pro-del-desarrollo-sostenible/41496/
1918,"Muchos vac√≠os: El examen del Instituto Humboldt a las propuestas ambientales de los candidatos presidenciales
lun, 21 may 2018
A prop√≥sito de la campa√±a electoral, el Instituto Humboldt analiz√≥ las propuestas de gobierno en materia ambiental de los aspirantes a la Presidencia de la ...",https://www.semana.com/medio-ambiente/articulo/examen-del-instituto-humboldt-a-las-propuestas-ambientales-de-los-candidatos-presidenciales/41001/
1919,"Biodiversidad y pesca, prioridades en el plan para la navegabilidad del r√≠o Magdalena
vie, 2 ago 2019
La Corporaci√≥n Aut√≥noma Regional del R√≠o Grande de La Magdalena (Cormagdalena), ya tiene en sus manos los elementos que generan la l√≠nea base cient√≠fica en ...",https://www.semana.com/medio-ambiente/articulo/en-que-va-la-app-para-recuperar-la-navegabilidad-del-rio-magdalena/45208/
1920,"CARs rechazan la reforma que restringir√≠a su autonom√≠a
jue, 23 feb 2017
El pasado martes Semana Sostenible revel√≥, en exclusiva, el plan del Gobierno para modernizar el Sistema Nacional Ambiental (SINA) v√≠a fast track aprovechando la coyuntura ...",https://www.semana.com/corporaciones-autonomas-rechazan-reforma-que-restringiria-su-autonomia/37175/
1921,"Parque Natural El Aleton, ahora es √°rea protegida
mi√©, 18 dic 2019
El Parque Natural Regional El Aleton, ubicado en el municipio de Santa Rosa, se uni√≥ a la lista de m√°s de 1.100 √°reas protegidas con ...",https://www.semana.com/medio-ambiente/articulo/parque-natural-el-aleton-ahora-es-area-protegida/48126/
1922,"La ruptura de un dique minero en Brasil deja al menos 200 personas desaparecidas
vie, 25 ene 2019
Tres a√±os desp√∫es de que Brasil registrara la peor tragedia ambiental , la historia parece volverse a repetir. De nuevo la ruptura de un dique ...",https://www.semana.com/medio-ambiente/articulo/unas-200-personas-fueron-declaradas-desaparecidas-tras-la-ruptura-de-un-dique-minero-en-brasil/42725/
1923,"¬øC√≥mo le fue a Santos en t√©rminos ambientales?
jue, 19 jul 2018
En su segundo periodo, el gobierno cambi√≥ la agresiva visi√≥n de las locomotoras de la ‚ÄúProsperidad para todos‚Äù por ‚ÄúTodos hacia un nuevo pa√≠s. Paz, ...",https://www.semana.com/medio-ambiente/articulo/balance-del-gobierno-santos-en-terminos-ambientales/41155/
1924,"Pago por Servicios Ambientales: una alternativa para la conservaci√≥n
mar, 25 abr 2017
Nicanor Romero es un campesino de 81 a√±os que vive en el municipio de Pasca, Cundinamarca. All√≠ tiene una finca de diez hect√°reas en las ...",https://www.semana.com/pago-por-servicios-ambientales-una-alternativa-para-la-conservacion/37639/
1925,"El problema de la conexidad en la reforma ambiental ‚Äòfast track‚Äô
jue, 30 mar 2017
El gobierno nacional ha tratado de reformar el funcionamiento de la institucionalidad ambiental al menos 16 veces en los √∫ltimos 20 a√±os. Cada intento ha ...",https://www.semana.com/reforma-ambiental-fast-track-analisis/37443/
1926,"Peque√±os dragones azules aparecen en las costas de Texas
mi√©, 13 may 2020
Es un hallazgo muy raro"" y posiblemente peligroso ya que, seg√∫n el reporte del parque Island National, esta criatura puede atacar a los humanos y ...",https://www.semana.com/medio-ambiente/articulo/coronavirus-en-el-mundo-pequenos-dragones-azules-aparecen-en-las-costas-de-texas/50946/
1927,"Se abre convocatoria para el Premio de periodismo ambiental regional Cormagdalena
mi√©, 28 sept 2016
Cormagdalena, con el apoyo del Instituto Alexander Von Humboldt y Semana Sostenible, lanza el I Premio de Periodismo ambiental Cormagdalena. El objetivo de este galard√≥n ...",https://www.semana.com/premio-de-periodismo-ambiental-regional-cormagdalena-abre-convocatoria/36174/
1928,"""Los gusanos ser√°n la prote√≠na m√°s importante en 20 a√±os‚Äù: Rodrigo Medell√≠n
lun, 24 sept 2018
Rodrigo Medell√≠n es conocido como el Batman de M√©xico porque ha dedicado gran parte de su trabajo cient√≠fico a componer la imagen de los murci√©lagos ...",https://www.semana.com/medio-ambiente/articulo/los-gusanos-seran-la-proteina-mas-importante-en-20-anos-rodrigo-medellin/41687/
1929,"Las dos caras del mercado de madera en Colombia
vie, 9 jun 2017
El mercado de la madera tiene dos caras, por un lado est√° la legal que se hace con unas condiciones espec√≠ficas y t√©cnicas como la ...",https://www.semana.com/madera-ilegal-en-colombia-las-dos-caras-del-mercado-de-madera-en-colombia/38011/
1930,"M√°s de 300 tortugas murieron atrapadas en redes de pesca
mi√©, 29 ago 2018
El hallazgo de las tortugas golfinas (Lepidochelys olivacea) ocurri√≥ en el Pac√≠fico mexicano, en plena temporada de desove, que se extiende de julio a septiembre. ...",https://www.semana.com/medio-ambiente/articulo/en-mexico-fueron-encontradas-300-tortugas-muertas-atrapadas-en-redes-de-pesca/41447/
1931,"¬øPe√±alosa otra vez contra la Van der Hammen?
mar, 26 jul 2016
Los estudios, los expertos, los datos, todo indica que la reserva Van Der Hammen es de vital importancia para la sostenibilidad ambiental de Bogot√°. Seg√∫n ...",https://www.semana.com/medio-ambiente/articulo/penalosa-contra-la-van-der-hammen/35700/
1932,"La flora viviente en el Jard√≠n Bot√°nico y el Parque Arv√≠ de Medell√≠n
mi√©, 6 dic 2017",https://www.semana.com/medio-ambiente/galeria/la-flora-viviente-en-el-jardin-botanico-y-parque-arvi-de-medellin/39110/
1933,"Venado silvestre al que ten√≠an como mascota fue rescatado de una vivienda en Ibagu√©
jue, 2 mar 2023
La denuncia presentada por la comunidad fue vital para el rescate de un animal ex√≥tico, el cual era mantenido en cautiverio en Ibagu√©, por una ...",https://www.semana.com/sostenibilidad/medio-ambiente/articulo/venado-silvestre-al-que-tenian-como-mascota-fue-rescatado-de-una-vivienda-en-ibague/202355/
1934,"Corporaci√≥n Aut√≥noma Regional de Valle del Cauca lanz√≥ su propia revista cient√≠fica
mi√©, 1 jun 2022
La revista En Modo Verde es el nuevo producto comunicativo de la Corporaci√≥n Aut√≥noma Regional del Valle del Cauca (CVC) que pretende integrar aspectos t√©cnicos ...",https://www.semana.com/sostenibilidad/medio-ambiente/articulo/corporacion-autonoma-regional-de-valle-del-cauca-lanzo-su-propia-revista-cientifica/202220/
1935,"Maltrato animal: as√≠ fue el rescate de 170 animales en la Plaza de Mercado El ...
vie, 17 mar 2023
Mediante un operativo distrital, el jueves 16 de marzo, el Instituto Distrital de Protecci√≥n y Bienestar Animal (Idyba), la Alcald√≠a local de Antonio Nari√±o, la ...",https://www.semana.com/sostenibilidad/medio-ambiente/articulo/maltrato-animal-asi-fue-el-rescate-de-170-animales-en-la-plaza-de-mercado-el-restrepo-en-bogota/202333/
1936,"ProColombia y WWF Colombia promover√°n el turismo de naturaleza sostenible
vie, 20 may 2022
En el encuentro entre ProColombia, entidad encargada de promover el turismo internacional en el pa√≠s, y WWF Colombia (Fondo Mundial para la Naturaleza), que se ...",https://www.semana.com/sostenibilidad/medio-ambiente/articulo/procolombia-y-wwf-colombia-promoveran-el-turismo-de-naturaleza-sostenible/202209/
1937,"Animales silvestres incautados regresaron a su h√°bitat natural en el norte de Bogot√°
vie, 14 oct 2022
La Secretar√≠a de Ambiente liber√≥ 15 animales silvestres en el humedal Torca-Guaymaral, del lado de la localidad de Suba. Los individuos, entre los que se ...",https://www.semana.com/sostenibilidad/medio-ambiente/articulo/animales-silvestres-incautados-regresaron-a-su-habitat-natural-en-el-norte-de-bogota/202209/
1938,"J√≥venes por los p√°ramos, la iniciativa con la que el Gobierno nacional capacit√≥ a j√≥venes ...
jue, 12 ago 2021
J√≥venes por los p√°ramos es la iniciativa con la que el Gobierno nacional capacit√≥ a 37 j√≥venes con el fin de promover la protecci√≥n de ...",https://www.semana.com/sostenible/medio-ambiente/articulo/jovenes-por-los-paramos-la-iniciativa-con-la-que-el-gobierno-nacional-capacito-a-jovenes-para-promover-la-proteccion-del-ecosistema/202128/
1939,"Polinizaci√≥n de abejas: ¬øqu√© tan importante es para la seguridad alimentaria?
mar, 17 may 2022
Se calcula que cerca del 75% de los cultivos humanos dependen en alguna medida de la funci√≥n de polinizaci√≥n de las abejas y otros insectos ...",https://www.semana.com/sostenibilidad/medio-ambiente/articulo/polinizacion-de-abejas-que-tan-importante-es-para-la-seguridad-alimentaria/202237/
1940,"Con un total de cinco huertas, en Kennedy se inaugurar√° la tercera ruta agroecol√≥gica del ...
mar, 25 oct 2022
Con un total de cinco huertas ubicadas en la localidad de Kennedy se inaugurar√° la tercera Ruta Agroecol√≥gica del Distrito, en el marco de la ...",https://www.semana.com/sostenibilidad/medio-ambiente/articulo/con-un-total-de-cinco-huertas-en-kennedy-se-inaugurara-la-tercera-ruta-agroecologica-del-distrito/202232/
1941,"Para producir m√°s de 50 mil √°rboles al a√±o, Distrito y privados inauguraron vivero en ...
mi√©, 26 oct 2022
Con el prop√≥sito de reverdecer a Bogot√°, la Secretar√≠a de Ambiente y dos empresas privadas inauguraron en la tarde de este mi√©rcoles, 26 de octubre, ...",https://www.semana.com/sostenibilidad/medio-ambiente/articulo/para-producir-mas-de-50-mil-arboles-al-ano-distrito-y-privados-inauguraron-vivero-en-la-reserva-van-der-hammen/202207/
1942,"‚ÄúLas empresas representan grandes oportunidades para la conservaci√≥n"": directora de la Fundaci√≥n Natura
dom, 24 nov 2019
SEMANA SOSTENIBLE (SS): Usted no es nueva en la Fundaci√≥n Natura. Ya lleva 22 a√±os en la organizaci√≥n batallando por la sostenibilidad. ¬øC√≥mo inici√≥ ese ...",https://www.semana.com/medio-ambiente/articulo/las-empresas-representan-grandes-oportunidades-para-la-conservacion-directora-de-la-fundacion-natura/47564/
1943,"As√≠ ser√° la ‚Äòtraves√≠a panda‚Äô por la conservaci√≥n del medio ambiente que se realizar√° en ...
mi√©, 24 ago 2022
‚ÄòTraves√≠a Panda‚Äô es un evento deportivo que se realizar√° el pr√≥ximo 11 de septiembre en el municipio de Guatavita, ubicado en Cundinamarca, con el objetivo ...",https://www.semana.com/sostenibilidad/medio-ambiente/articulo/asi-sera-la-travesia-panda-por-la-conservacion-del-medio-ambiente-que-se-realizara-en-guatavita/202212/
1944,"150 animales silvestres del Bioparque La Reserva tambi√©n necesitan ayuda
jue, 26 mar 2020
Desde hace 12 a√±os, el Bioparque La Reserva, un pulm√≥n de 26 hect√°reas ubicado en una zona monta√±osa del municipio de Cota en Cundinamarca, recibe ...",https://www.semana.com/medio-ambiente/articulo/peligran-cerca-de-150-animales-silvestres-del-bioparque-la-reserva-en-cota/49276/
1945,"En el Valle producen t√© mientras conservan especies
lun, 9 sept 2019
En Colombia hay solo una plantaci√≥n de t√©, ubicada en el corregimiento de Bitaco, en el Valle del Cauca . Sus cultivos est√°n rodeados de ...",https://www.semana.com/medio-ambiente/articulo/la-empresa-que-produce-te-mientras-conserva-especies/46681/
1946,"El medioambiente se toma las salas de cine en Bogot√°
mi√©, 11 sept 2019
A partir de este jueves 12 y hasta el 15 de septiembre, se lleva a cabo una nueva versi√≥n de Planet On, Festival Internacional de ...",https://www.semana.com/medio-ambiente/articulo/planet-on-festival-de-cine-ambiental/46698/
1947,"Ideam: estos son los pron√≥sticos del clima para lo que resta de noviembre
lun, 8 nov 2021
El Instituto de Hidrolog√≠a, Meteorolog√≠a y Estudios Ambientales (Ideam) advirti√≥ recientemente que el comportamiento esperado de las variables meteorol√≥gicas para los pr√≥ximos tres meses en ...",https://www.semana.com/sostenibilidad/medio-ambiente/articulo/ideam-estos-son-los-pronosticos-del-clima-para-lo-que-resta-de-noviembre/202139/
1948,"C√°maras registran por primera vez un jaguar en el Huila, unos de los felinos m√°s ...
jue, 11 ago 2022
Un jaguar (Panthera onca) , el que se cree ser√≠a el felino m√°s grande del mundo, despu√©s del le√≥n y el tigre, sorpresivamente se pudo ...",https://www.semana.com/sostenible/medio-ambiente/articulo/camaras-registran-por-primera-vez-un-jaguar-en-el-huila-unos-de-los-felinos-mas-grandes-del-mundo/202215/
1949,"Atentado contra el medio ambiente: detectan pesca ilegal en Norcasia, Caldas
vie, 12 ago 2022
Cinco trasmallos (red para pesca) fueron incautados en el embalse Aman√≠ en Norcasia, Caldas, mediante operativos para hacerle frente al accionar de la pesca ilegal ...",https://www.semana.com/sostenible/medio-ambiente/articulo/atentado-contra-el-medio-ambiente-detectan-pesca-ilegal-en-norcasia-caldas/202207/
1950,"‚ÄúLa ciencia no es la verdad absoluta‚Äù: nuevo director del Instituto Humboldt
mi√©, 15 abr 2020
El presidente Iv√°n Duque acaba de ratificar en propiedad al bi√≥logo Hernando Garc√≠a Mart√≠nez en la direcci√≥n del Instituto Alexander von Humboldt . Le recibi√≥",https://www.semana.com/medio-ambiente/articulo/la-ciencia-no-es-la-verdad-absoluta-nuevo-director-del-instituto-humboldt/48198/
1951,"Marchar√°n en defensa de las consultas populares
mi√©, 24 oct 2018
El pr√≥ximo viernes 7 de diciembre l √≠deres ambientales, comit√©s promotores de las consultas populares, acad√©micos y movimientos sociales que vienen promoviendo la defensa d",https://www.semana.com/medio-ambiente/articulo/marcharan-en-defensa-de-las-consultas-populares/41914/
1952,"Millones de colombianos podr√≠an tener agua m√°s limpia en 2030
mi√©, 11 may 2022
Una delegaci√≥n de directores de las Corporaciones Aut√≥nomas Regionales y de Desarrollo Sostenible y de empresas prestadoras de servicio de acueducto, viajaron a Holanda para ...",https://www.semana.com/sostenibilidad/medio-ambiente/articulo/millones-de-colombianos-podrian-tener-agua-mas-limpia-en-2030/202243/
1953,"Meta: 640 tortugas Terecay fueron liberadas para la conservaci√≥n de la especie
jue, 19 may 2022
La laguna La Venturosa, el Colegio Agropecuario de Puerto L√≥pez y el Parque tem√°tico Merecure en Villavicencio, fueron los lugares destinados para la liberaci√≥n de ...",https://www.semana.com/sostenibilidad/medio-ambiente/articulo/meta-640-tortugas-terecay-fueron-liberadas-para-la-conservacion-de-la-especie/202215/
1954,"Inclusi√≥n social y negocios verdes, claves en recuperaci√≥n pospandemia
jue, 26 nov 2020
Con el prop√≥sito de generar recomendaciones que se adapten a las necesidades de la realidad latinoamericana e impulsen una recuperaci√≥n justa y resiliente poniendo en ...",https://www.semana.com/medio-ambiente/articulo/inclusion-social-y-negocios-verdes-claves-en-recuperacion-pospandemia/57826/
1955,"El jaguar encuentra un aliado inesperado en el caf√©
lun, 28 ago 2017
Colaboraci√≥n de Alberto Casta√±o C. - Director Natural Press - CableNoticias Proteger la biodiversidad sin afectar los sistemas productivos de las comunidades se ha convertido ...",https://www.semana.com/cafe-amigo-del-jaguar-la-historia-de-como-este-cultivo-ayuda-a-estos-animales/38501/
1956,"La apuesta comunitaria para proteger el santuario Ot√∫n Quimbaya
vie, 28 jul 2017
Por: Fernanda S√°nchez Jaramillo ‚Äì Mongabay Latam El Santuario de Fauna y Flora Ot√∫n Quimbaya, en el departamento de Risaralda, est√° ubicado en una zona ...",https://www.semana.com/otun-quimbaya-y-la-apuesta-de-las-comunidades-para-la-conservacion-del-parque/38308/
1957,"""Un fallo adverso hubiera sido nefasto para la inversi√≥n extranjera"": Cerro Matoso
lun, 15 oct 2018
Cerro Matoso es la mina de ferron√≠quel a cielo abierto m√°s grande de Colombia que recientemente result√≥ favorecida con una decisi√≥n de la Corte Constitucional ...",https://www.semana.com/medio-ambiente/articulo/entrevista-con-el-presidente-de-cerro-matoso-sobre-fallo-de-la-corte-constitucional/41757/
1958,"El retorno de las aves a la sabana
vie, 5 jun 2020
La cuenca del r√≠o Bogot√° abarca m√°s de 589.000 hect√°reas de 46 municipios de Cundinamarca y la capital del pa√≠s, un territorio biodiverso donde se ...",https://www.semana.com/medio-ambiente/articulo/rio-bogota-el-retorno-de-las-aves-a-la-cuenca-media-del-rio-bogota/51661/
1959,"¬øAlguien ha visto una familia de venados por Armenia?
mi√©, 10 jun 2020
En esta √©poca de aislamiento social por la covid-19, diversas especies de animales en Colombia han asomado en zonas que antes eran frecuentadas por los ...",https://www.semana.com/medio-ambiente/articulo/alguien-ha-visto-una-familia-de-venados-por-armenia/51691/
1960,"La magia del bosque seco emerge de un antiguo potrero en el Huila
jue, 28 may 2020
Colombia contaba con m√°s de nueve millones de hect√°reas cubiertas por bosque seco tropical, ecosistema conformado por √°rboles de gran porte con troncos lisos, aguijones ...",https://www.semana.com/medio-ambiente/articulo/la-magia-del-bosque-seco-emerge-de-un-antiguo-potrero-en-el-huila/51370/
1961,"Minambiente anunci√≥ su retiro en apertura de Fima
jue, 21 jun 2018
‚ÄúColombia es un tesoro de la biodiversidad. Es el primer pa√≠s en aves y orqu√≠deas, el segundo en plantas y anfibios, el tercero en palmas ...",https://www.semana.com/medio-ambiente/articulo/retiro-del-ministro-de-ambiente/41058/
1962,"Subestaci√≥n naval en la Isla de Gorgona no tiene vuelta atr√°s
vie, 15 jun 2018
La pol√©mica por la construcci√≥n de la subestaci√≥n en la Isla de Gorgona, que gener√≥ en el pasado un intercambio de declaraciones en medios de ...",https://www.semana.com/medio-ambiente/articulo/parques-nacionales-autoriza-base-naval-en-gorgona/41037/
1963,"As√≠ avanza la construcci√≥n sostenible en el pa√≠s
mi√©, 2 oct 2019
El pa√≠s avanza en materia de construcci√≥n sostenible, auqnue falta mucho por hacer. Varios sistemas de certificaci√≥n permiten que el n√∫mero de proyectos con aval ...",https://www.semana.com/medio-ambiente/articulo/cuantas-construcciones-en-el-pais-tienen-la-certificacion-de-sostenibilidad/46905/
1964,"‚ÄúExistimos en un planeta vivo y necesitamos respetarlo y nutrirlo‚Äù
vie, 23 ago 2019
La destrucci√≥n de h√°bitats y el cambio clim√°tico son las dos principales amenazas contra la biodiversidad, dice Thomas Lovejoy, bi√≥logo, profesor y miembro de la ...",https://www.semana.com/medio-ambiente/articulo/existimos-en-un-planeta-vivo-y-necesitamos-respetarlo-y-nutrirlo/45489/
1965,"Concesiones de agua afectan r√≠os de la Ci√©naga Grande de Santa Marta
s√°b, 6 abr 2019
Los habitantes de los municipios del norte del departamento del Magdalena, en el Caribe colombiano, est√°n desesperados. Se est√°n quedando sin agua para cultivar y ...",https://www.semana.com/medio-ambiente/articulo/concesiones-de-agua-afectan-rios-de-la-cienaga-grande-de-santa-marta/43714/
1966,"El fracking amenaza al p√°ramo m√°s grande del mundo
mar, 21 mar 2017
A pesar de los enormes riesgos ambientales que conlleva, el fracking parece ser el futuro de la industria petrolera en Colombia. Eso es lo que ...",https://www.semana.com/fracking-llegaria-al-paramo-de-sumapaz-y-chingaza/37359/
1967,"Habla el experto que entreg√≥ al tibur√≥n bamb√∫ de Atlantis
jue, 19 ene 2017
Por Mar√≠a Lourdes Zimmermann / Periodista ambiental La pol√©mica no para. La entrega voluntaria al Ministerio de Ambiente y Desarrollo Sostenible de ‚ÄòMois√©s‚Äô, el ti",https://www.semana.com/tiburon-bambu-de-atlantis-habla-experto-acuarista/36876/
1968,"Cultivos de coca, ¬øenemigos de la paz?
mar, 27 sept 2016
El escenario de posconflicto que plantea el acuerdo de paz logrado entre el gobierno y la guerrilla de las FARC implica una serie de retos. ...",https://www.semana.com/cultivos-de-coca-enemigos-de-la-paz/36155/
1969,"Invertir√°n $20.000 millones para reforestar √°reas degradadas en Antioquia
vie, 5 feb 2021
Un importante espaldarazo le acaba de dar el Gobierno nacional al programa ‚ÄòAntioquia Reverdece‚Äô que adelanta la Gobernaci√≥n de ese departamento. La iniciativa, que propende",https://www.semana.com/invertiran-20000-millones-para-reforestar-areas-degradadas-en-antioquia/59177/
1970,"M√°s de 6.800 hect√°reas se destinar√°n a conservar biodiversidad en Antioquia
lun, 21 dic 2020
El √Årea Quitasol- La Holanda, ubicada en el Norte del Valle de Aburr√°, fue declarada como territorio protegido por parte de la Corporaci√≥n Aut√≥noma Regional ...",https://www.semana.com/medio-ambiente/articulo/declaran-nueva-area-protegida-en-antioquia--colombia-hoy/58355/
1971,"L√≠deres religiosos de Caquet√° unidos por los bosques
mar, 3 nov 2020
En Caquet√°, m√°s de 120 l√≠deres religiosos de San Vicente del Cagu√°n, Cartagena del Chair√° y Puerto Rico, de diferentes creencias se comprometieron a crear ...",https://www.semana.com/medio-ambiente/articulo/lideres-religiosos-de-caqueta-unidos-por-los-bosques/57131/
1972,"Destruyen tres dragas mineras que contaminaban los r√≠os In√≠rida y Guain√≠a
vie, 1 mar 2019
El Ej√©rcito Nacional, con apoyo de la Polic√≠a, Fuerza Naval del Oriente y Fiscal√≠a General de la Naci√≥n, destruyeron tres dragas dedicadas a la explotaci√≥n ...",https://www.semana.com/medio-ambiente/articulo/destruyen-tres-dragas-mineras-que-contaminaban-los-rios-inirida-y-guainia/43139/
1973,"Una hoja de ruta para aumentar la productividad y conservar los ecosistemas colombianos
vie, 23 nov 2018
La producci√≥n y la conservaci√≥n rara vez van de la mano. Mientras que la primera mordisquea cada vez m√°s terrenos de importancia ambiental, la segunda ...",https://www.semana.com/medio-ambiente/articulo/una-hoja-de-ruta-para-aumentar-la-productividad-y-conservar-los-ecosistemas-colombianos/42128/
1974,"‚ÄúLa conservaci√≥n de bosques no puede convertirse en un nuevo factor de desplazamiento‚Äù: directora Fundaci√≥n ...
vie, 30 nov 2018
Directa, aguda y sin pelos en la lengua. As√≠ son las palabras de Elsa Matilde Escobar, directora de la Fundaci√≥n Natura, al referirse al actual ...",https://www.semana.com/medio-ambiente/articulo/la-conservacion-de-bosques-no-puede-convertirse-en-un-nuevo-factor-de-desplazamiento-directora-fundacion-natura/42253/
1975,"Sin consultas, ¬øqu√© le espera a los municipios?
mar, 23 oct 2018
El pronunciamiento de la Corte Constitucional, que se conoci√≥ el 11 de octubre pasado, tiene preocupados a los municipios que dijeron ‚ÄúNo‚Äù a la miner√≠a ...",https://www.semana.com/medio-ambiente/articulo/sin-consultas-que-le-espera-a-los-municipios/41905/
1976,"Aeropuerto de Bogot√° da ejemplo a Am√©rica Latina
vie, 21 sept 2018
La instalaci√≥n de los paneles se inici√≥ este viernes en un acto encabezado por el Gobierno colombiano y los presidentes de las compa√±√≠as Celsia y ...",https://www.semana.com/medio-ambiente/articulo/aeropuerto-de-bogota-da-ejemplo-a-america-latina/41682/
1977,"El pez le√≥n: ¬øqu√© falta para ganar la batalla?
vie, 5 oct 2018
El pez le√≥n consume el triple de alimento que un mero, inclusive presas que superan 40% su tama√±o. Las toxinas en sus aletas dorsales lo ...",https://www.semana.com/medio-ambiente/articulo/el-pez-leon-que-falta-para-ganar-la-batalla/41824/
1978,"Mam√≠feros de Colombia estar√≠an en riesgo si no se limitan cultivos de palma de aceite
mi√©, 17 oct 2018
*Mongabay Latam Colombia se proyecta como el primer pa√≠s de Am√©rica Latina en producci√≥n de aceite de palma. Sus plantaciones llevan varias d√©cadas en expansi√≥n ...",https://www.semana.com/medio-ambiente/articulo/mamiferos-de-colombia-estarian-en-riesgo-si-no-se-limitan-cultivos-de-palma-de-aceite/41880/
1979,"El llamado √∫nico de los peces del Magdalena y Cauca para reproducirse
s√°b, 5 sept 2020
En diferentes sitios de la cuenca del Magdalena-Cauca, bocachicos machos lanzan una especie de melod√≠a para llamar la atenci√≥n de las hembras. El canto un√≠sono ...",https://www.semana.com/peces-del-magdalena-y-cauca-emiten-sonidos-cuando-es-hora-de-reproducirse/54929/
1980,"Con drones y sensores monitorean cerros y p√°ramos de Bogot√°
vie, 24 jul 2020
La Reserva Bosque Oriental de Bogot√°, localizada en los cerros orientales de la capital, es una cadena monta√±osa de 13.142 hect√°reas cubierta por zonas boscosas ...",https://www.semana.com/medio-ambiente/articulo/con-drones-y-sensores-monitorean-los-cerros-orientales-y-paramos-de-bogota/53320/
1981,"¬øSe va lograr sancionar la ley de p√°ramos?
vie, 6 jul 2018
El pasado 27 de junio, durante la sesi√≥n extraordinaria del Senado, fue aprobada en el Congreso la ley para la protecci√≥n de los p√°ramos , ...",https://www.semana.com/semana-sostenible-en-vivo-se-va-lograr-sancionar-la-ley-de-paramos/41108/
1982,"El bogotano enamorado del In√≠rida que se convirti√≥ en uno de sus gu√≠as m√°s conocidos
mi√©, 20 jun 2018
Pocas personas conocen los tesoros ambientales del In√≠rida con tal lujo de detalle como Camilo Puentes. Todas las semanas, este hombre de 50 a√±os, que ...",https://www.semana.com/medio-ambiente/articulo/un-bogotano-enamorado-del-inirida-que-se-convirtio-en-su-mas-ferviente-guia-turistico/41049/
1983,"Cierran gradualmente Playa Blanca en Cartagena para proteger tortuga Carey
mi√©, 16 may 2018
El Ministerio colombiano de Ambiente pidi√≥ este mi√©rcoles el cierre paulatino de 1,5 kil√≥metros del sector norte de Playa Blanca, un concurrido balneario en la ...",https://www.semana.com/medio-ambiente/articulo/cierran-playa-blanca-baru-para-proteger-tortuga-carey/40992/
1984,"D√≠a mundial de las tortugas: la dura lucha por las carey
jue, 21 may 2020
La mayor√≠a de especies de tortugas marinas est√°n en peligro de extinci√≥n y desde hace varias d√©cadas decenas de organizaciones en el mundo trabajan en ...",https://www.semana.com/medio-ambiente/articulo/dia-internacional-de-las-tortugas-la-lucha-por-las-tortugas-carey/51180/
1985,"Plaga de orugas arrasa con bosque en Marruecos
mar, 12 may 2020
En este bosque ubicado al este de la ciudad de Rabat, tiene de extensi√≥n 65.000 hect√°reas, predomina el √°rbol alcornoque. Las autoridades ambientales de Marruecos ...",https://www.semana.com/medio-ambiente/articulo/coronavirus-en-el-mundo-plaga-de-orugas-arrasa-con-bosque-en-marruecos/50931/
1986,"Osos de anteojos deambulan por zonas rurales del Valle del Cauca
jue, 14 may 2020
Campesinos de las veredas Los Alpes y la Judea, del municipio de Riofr√≠o, empezaron a evidenciar en sus terrenos que un visitante inesperado caminaba entre ...",https://www.semana.com/medio-ambiente/articulo/coronavirus-en-el-mundo-osos-de-anteojos-deambulan-por-zonas-rurales-del-valle-del-cauca/50939/
1987,"¬øSabe qu√© hacer si se encuentra con un oso de anteojos?
mi√©, 13 may 2020
En las veredas de las zonas colindantes con el Parque Nacional Natural Chingaza, ocasionalmente se registra la presencia de individuos de fauna silvestre que salen ...",https://www.semana.com/medio-ambiente/articulo/sabe-que-hacer-si-se-encuentra-con-un-oso-de-anteojos/50948/
1988,"La naturaleza reclama su espacio en el planeta
lun, 30 mar 2020
Las tortugas marinas siempre han depositado sus huevos en el mismo lugar. Lo tienen grabado en el ADN. Bien pueden darle la vuelta al mundo, ...",https://www.semana.com/medio-ambiente/articulo/la-naturaleza-reclama-su-espacio-en-el-planeta/49444/
1989,"Sin guerra, el Guaviare resurge gracias a sus p√°jaros
vie, 1 dic 2017
En toda Colombia hay 1.912 especies de aves. En un lluvioso s√°bado de mayo, 13 aficionados que se repartieron por las zonas rurales de apenas ...",https://www.semana.com/aves-en-colombia-sin-guerra-el-guaviare-resurge-gracias-a-sus-pajaros/39072/
1990,"La ineficacia de los incentivos a la conservaci√≥n
mar, 19 sept 2017
Por: Juan Pablo Romero Rodr√≠guez* La demanda de recursos naturales en un mundo cada vez m√°s globalizado e industrializado no deja de ser un problema ...",https://www.semana.com/incentivos-a-la-conservacion-son-herramientas-ineficaces/38680/
1991,"Casas por √°rboles: el desordenado crecimiento urbano en el oriente antioque√±o
jue, 28 sept 2017
Rionegro, El Retiro, Guarne, La Ceja y Marinilla, son algunos de los municipios que conforman el oriente cercano antioque√±o, una regi√≥n que cuenta con una ...",https://www.semana.com/el-oriente-antioqueno-esta-creciendo-de-forma-desordenada/38704/
1992,"¬øCarga usted un vaso en su mochila?
mi√©, 22 mar 2017
Con el prop√≥sito de minimizar los residuos, un grupo de j√≥venes ambientalistas del Choc√≥ decidi√≥ crear un campa√±a en redes llamada #yollevomivaso, esta es una ...",https://www.semana.com/yollevomivaso-carga-usted-un-vaso-en-su-mochila/37368/
1993,"As√≠ logr√≥ Costa Rica ser referente del turismo sostenible en el mundo
lun, 6 mar 2017
El pa√≠s centroamericano es ejemplo a nivel global por convertir la sostenibilidad en una pol√≠tica de Estado y al turismo de naturaleza en una industria ...",https://www.semana.com/costa-rica-es-referente-del-turismo-sostenible-en-el-mundo/37245/
1994,"¬øPor qu√© los franceses invierten en Medell√≠n?
mi√©, 15 mar 2017
Maurice Bernard es director de la Agencia Francesa de Desarrollo y lleva m√°s de 30 a√±os trabajando en pol√≠ticas p√∫blicas del medioambiente y desarrollo sostenible, ...",https://www.semana.com/medellin-el-epicentro-de-la-inversion-francesa/37318/
1995,"Humedales de Colombia contin√∫an en 'cuidados intensivos'
jue, 9 ene 2020
Poco a poco los humedales desaparecen en Colombia y los esfuerzos de algunas autoridades parecen insuficientes para impedir su fat√≠dico destino. Solo en la sabana ...",https://www.semana.com/medio-ambiente/articulo/humedales-de-colombia-continuan-en-cuidados-intensivos/42827/
1996,"Con bo√±iga de cerdo prenden el fog√≥n de las estufas
dom, 20 oct 2019
Herlinda Le√≥n Herrera lleg√≥ a los siete a√±os a Jerusal√©n proveniente de Apulo, municipio que la vio nacer. Su familia decidi√≥ asentarse en este caluroso ...",https://www.semana.com/medio-ambiente/articulo/familias-de-jerusalen-cundinamarca-usan-excremento-de-cerdos-para-hacer-biogas/47154/
1997,"Choc√≥, el territorio donde detonan las buenas ideas
jue, 7 nov 2019
En busca de 25 emprendimientos culturales en las √°reas de m√∫sica, danza, artesan√≠a, moda, dise√±o, turismo y gastronom√≠a; as√≠ como de 15 emprendimientos en tec",https://www.semana.com/medio-ambiente/articulo/detonante-2019-en-choco--el-territorio-donde-detonan-las-buenas-ideas/47434/
1998,"Pasado, presente y futuro del r√≠o Bogot√° en 150 fotograf√≠as
jue, 29 ago 2019
Los 380 kil√≥metros que tiene el r√≠o Bogot√°, que van desde su nacimiento en el p√°ramo de Guacheneque en Villapinz√≥n hasta su uni√≥n con las ...",https://www.semana.com/medio-ambiente/articulo/pasado-presente-y-futuro-del-rio-bogota-en-150-fotografias/46566/
1999,"Pa√≠ses amaz√≥nicos firmar√°n un pacto para la conservaci√≥n de la selva
mi√©, 4 sept 2019
Un di√°logo entre jefes de estado y representantes de los gobiernos amaz√≥nicos se realizar√° este viernes en Leticia (Amazonas) y girar√° en torno a la ...",https://www.semana.com/medio-ambiente/articulo/colombia-ecuador-peru-y-brasil-firmaran-el-pacto-de-leticia-por-la-amazonia/46635/
2000,"Sumapaz y Negro, dos cuencas que ordenar√°n su territorio respetando el suelo
lun, 12 ago 2019
M√°s de 32 millones de hect√°reas en Colombia cuentan conflictos de uso del suelo, es decir tierras que son destinadas a actividades que no corresponden ...",https://www.semana.com/medio-ambiente/articulo/sumapaz-y-negro-dos-cuencas-que-ordenaran-su-territorio-respetando-el-suelo/45333/
2001,"¬øQu√© estrategias de conservaci√≥n forestal son las m√°s efectivas?
mi√©, 18 ene 2017
Por: Mike Gaworecki - Traducido por Alba G√≥mez / Mongabay Latam Actualmente se utilizan muchas estrategias de conservaci√≥n en los tr√≥picos con el fin de ...",https://www.semana.com/conservacion-forestal-que-ha-sido-lo-mas-efectivo/36865/
2002,"Ventajas y riesgos de ser el pa√≠s de las aves
mar, 8 nov 2016
En tiempos de paz, el turismo es uno de los campos en los que las ventajas competitivas de nuestro pa√≠s pueden aprovecharse al m√°ximo: la ...",https://www.semana.com/aviturismo-en-colombia-ventajas-y-riesgos-de-ser-el-pais-de-las-aves/36437/
2003,"‚ÄúNo puede haber desarrollo rural sin paz‚Äù
lun, 5 sept 2016
Por: Mariana Toro / periodista de Revista Semana P√©rin Saint-Ange es experto en el manejo de recursos agr√≠colas, la sostenibilidad y la autosuficiencia rural, adem√°s ...",https://www.semana.com/perin-saint-ange-del-fida-no-puede-haber-desarrollo-rural-sin-paz/35983/
2004,"Crecimiento verde, el tema del que habla el mundo
mar, 6 sept 2016
El calentamiento global es inminente. Los efectos del cambio clim√°tico se sienten en todo el mundo y se requieren medidas urgentes para detenerlos. Aunque de ...",https://www.semana.com/crecimiento-verde-el-tema-del-que-habla-el-mundo/35995/
2005,"Intervienen zona de miner√≠a ilegal del ELN en Cauca
s√°b, 20 jul 2019
De los 32 departamentos que conforman el territorio colombiano, 14 cuentan con evidencias de explotaci√≥n de oro de aluvi√≥n con uso de maquinaria en tierra. ...",https://www.semana.com/medio-ambiente/articulo/intervienen-zona-de-mineria-ilegal-del-eln-en-cauca/45070/
2006,"Frenan tala de bosque nativo en la Amazonia colombiana
mi√©, 31 jul 2019
La deforestaci√≥n, fen√≥meno catalogado como la peor problem√°tica ambiental en Colombia, est√° concentrada en Caquet√°, Meta y Guaviare. Seg√∫n cifras del Ideam,",https://www.semana.com/medio-ambiente/articulo/frenan-tala-de-bosque-nativo-en-la-amazonia-colombiana/45174/
2007,"D√≠a Internacional de los Bosques Tropicales: ecosistemas en m√°xima alerta
mi√©, 26 jun 2019
Los bosques tropicales son uno de los ecosistemas terrestres que m√°s biodiversidad albergan en el mundo. Adem√°s de contribuir a la regulaci√≥n del clima y ...",https://www.semana.com/medio-ambiente/articulo/dia-internacional-de-los-bosques-tropicales-ecosistemas-en-maxima-alerta/44700/
2008,"Pl√°sticos de un solo uso quedaron vetados en Boyac√°
mar, 2 jul 2019
Pitillos, botellas, vasos, platos y cubiertos elaborados en pl√°sticos o icopor no podr√°n volver a ser utilizados en ning√∫n evento que organice la Gobernaci√≥n de ...",https://www.semana.com/medio-ambiente/articulo/plasticos-de-un-solo-uso-quedaron-vetados-en-boyaca/44780/
2009,"Nuevo aire para el P√°ramo de Santurb√°n
mar, 26 mar 2019
Las amenazas que se generan sobre el P√°ramo de Santurb√°n en Santander y Norte de Santander son constantes. La deforestaci√≥n , la agricultura y la ...",https://www.semana.com/medio-ambiente/articulo/bavaria-invierte-en-la-proteccion-del-paramo-de-santurban/43514/
2010,"El √°rea protegida que resolvi√≥ conflictos entre pescadores artesanales e industriales en Colombia
mar, 12 mar 2019
‚ÄúM√°s que sacar a los industriales -que era lo que ped√≠an los artesanales- lo que se necesitaba era regular el tiempo y el espacio donde ...",https://www.semana.com/medio-ambiente/articulo/el-area-protegida-que-resolvio-conflictos-entre-pescadores-artesanales-e-industriales-en-colombia/43265/
2011,"La impotencia de controlar la miner√≠a ilegal en el Amazonas
mar, 15 ene 2019
La semana pasada, en la vereda Patio Bonito de Puerto Santander, √°rea no municipalizada ubicada en el norte del departamento del Amazonas, tuvo lugar el ...",https://www.semana.com/medio-ambiente/articulo/la-impotencia-de-controlar-la-mineria-ilegal-en-el-amazonas/42612/
2012,"""Dr√°cula"" s√≠ existe, lo encontraron entre Colombia y Ecuador
mi√©, 21 nov 2018
*Mongabay Latam El Choc√≥ biogeogr√°fico se extiende desde Panam√°, pasando por Colombia, hasta llegar al noroccidente de Ecuador. Es una de las regiones m√°s biodiversas ...",https://www.semana.com/medio-ambiente/articulo/dracula-si-existe-lo-encontraron-entre-colombia-y-ecuador-es-una-lagartija/42090/
2013,"Campesinos de San Jos√© del Guaviare cambian la tala por el turismo
vie, 30 nov 2018
Ya no son solo los viajeros amantes del turismo extremo los que llegan al Guaviare. Entre 2015 y 2017 las visitas de turistas pasaron de ...",https://www.semana.com/medio-ambiente/articulo/campesinos-de-san-jose-del-guaviare-cambian-la-tala-por-el-turismo/42243/
2014,"Pelea territorial: cada vez los humanos se enfrentan m√°s al oso andino, el jaguar y ...
vie, 7 dic 2018
*Por: Antonio Jos√© Paz Cardona/Mongabay Latam Si hay dos grandes mam√≠feros terrestres que cada vez tienen m√°s conflictos con la gente en Colombia, esos son ...",https://www.semana.com/medio-ambiente/articulo/pelea-territorial-cada-vez-los-humanos-se-enfrentan-mas-al-oso-andino-el-jaguar-y-el-tiburon/42311/
2015,"Animales atropellados: un reto para la expansi√≥n de carreteras en Colombia
mi√©, 7 nov 2018
*Mongabay Latam En Espa√±a se reportan anualmente cerca de 30 millones de casos de animales atropellados , contando solo los vertebrados. La tasa en Estados ...",https://www.semana.com/animales-atropellados-un-reto-para-la-expansion-de-carreteras-en-colombia/42035/
2016,"¬°56 animales silvestres ahora son libres!
dom, 4 nov 2018
El tr√°fico ilegal de fauna silvestre es considerado el tercer negocio il√≠cito m√°s rentable del mundo, despu√©s de las drogas y armas. Seg√∫n el Programa ...",https://www.semana.com/medio-ambiente/galeria/animales-silvestres-fueron-liberados-en-meta/41989/
2017,"Glifosato: no solo mata la maleza, tambi√©n a las abejas
mar, 25 sept 2018
El glifosato es sospechoso de ser cancer√≠geno. Ahora, investigadores de la Universidad de Texas concluyen que el glifosato es peligroso para las abejas, seg√∫n la ...",https://www.semana.com/glifosato-no-solo-mata-la-maleza-tambien-a-las-abejas/41702/
2018,"Econom√≠a naranja: ¬øoportunidad o riesgo?
jue, 4 oct 2018
El actual presidnete Iv√°n Duque durante su discurso de posesi√≥n presidencial enfatiz√≥ su apuesta por la econom√≠a naranja. El mandatario dijo: ‚ÄúEstamos comprom",https://www.semana.com/economia-naranja-oportunidad-o-riesgo/41802/
2019,"Entre 10 y 15 osos andinos han sido asesinados en los √∫ltimos tres a√±os en ...
vie, 28 sept 2018
*Por: Mongabay Latam En Colombia, cada cierto tiempo es com√∫n ver noticias sobre asesinatos de osos andinos, tambi√©n conocidos como osos de anteojos. Hace dos ...",https://www.semana.com/medio-ambiente/articulo/entre-10-y-15-osos-andinos-han-sido-asesinados-en-los-ultimos-tres-anos-en-colombia/41733/
2020,"As√≠ desaparecen m√°s de 10 hect√°reas de bosque amaz√≥nico cada hora
lun, 1 oct 2018
As√≠ desaparecieron m√°s de 400.000 hect√°reas en los √∫ltimos 5 a√±os del que est√° considerado como uno de los mayores bosques tropicales intactos del planeta. ...",https://www.semana.com/medio-ambiente/articulo/asi-desaparecen-mas-de-10-hectareas-de-bosque-amazonico-cada-hora/41745/
2021,"Cu√°l es el estado del agujero de la capa de ozono y a qu√© pa√≠ses ...
lun, 17 sept 2018
El ozono es un gas incoloro que forma una tenue capa en la atm√≥sfera y absorbe los componentes da√±inos de la luz solar, conocidos como ...",https://www.semana.com/medio-ambiente/articulo/cual-es-el-estado-del-agujero-de-la-capa-de-ozono-y-a-que-paises-de-america-latina-afecta-mas/41610/
2022,"Laguna de Guatavita podr√° ser visitada de nuevo
vie, 31 ago 2018
A 57 kil√≥metros de Bogot√° se encuentra situado uno de los destinos tur√≠sticos m√°s tradicionales que tiene el municipio dr Sesquil√©: el Parque Laguna del ...",https://www.semana.com/medio-ambiente/articulo/laguna-de-guatavita-podra-ser-visitada-de-nuevo/41486/
2023,"La multimillonaria multa que Chevron ya no tendr√° que pagar
vie, 7 sept 2018
El fallo, emitido por la Corte Permanente de Arbitraje de La Haya, determina que Ecuador es responsable por denegaci√≥n de justicia y le orden√≥ dejar ...",https://www.semana.com/medio-ambiente/articulo/la-multimillonaria-multa-que-chevron-ya-no-tendra-que-pagar/41542/
2024,"C√≥mo es la ""serpiente gigante"" con la que cient√≠ficos holandeses quieren limpiar la gran isla ...
dom, 9 sept 2018
Durante mucho tiempo, pocas personas lo tomaron en serio a Boyan Slat . No era m√°s que un universitario irresponsable, con una idea descabellada que ...",https://www.semana.com/medio-ambiente/articulo/como-es-la-serpiente-gigante-con-la-que-cientificos-holandeses-quieren-limpiar-la-gran-isla-de-basura-del-pacifico/41547/
2025,"Parque Nacional Yaigoj√© Apaporis se manejar√° desde el conocimiento ind√≠gena
lun, 10 sept 2018
Por: Mongabay Latam Hace ya nueve a√±os que se cre√≥ el Parque Nacional Natural Yaigoj√© Apaporis (2009) . Su establecimiento estuvo motivado por las comunidades ...",https://www.semana.com/medio-ambiente/articulo/parque-nacional-yaigoje-apaporis-se-manejara-desde-el-conocimiento-indigena/41553/
2026,"El Duende y Cerro Plateado fueron delimitados
vie, 3 ago 2018
A perpetuidad quedaron protegidos los p√°ramos de El Duende, ubicado en los departamentos del Choc√≥ y Valle del Cauca, y Cerro Plateado, situado entre el ...",https://www.semana.com/medio-ambiente/articulo/paramos-el-duende-y-cerro-plateado-fueron-delimitados-choco-valle-narino-y-cauca/41254/
2027,"Costo o beneficio del glifosato: ¬øQu√© es m√°s alto?
vie, 13 jul 2018
En el a√±o 2015 la aspersi√≥n a√©rea como m√©todo para erradicar cultivos il√≠citos se dej√≥ de utilizar a ra√≠z de un fallo de la Corte ...",https://www.semana.com/semana-sostenible-en-vivo-costo-o-beneficio-del-glifosato-que-es-mas-alto/41126/
2028,"Colombia completa 30 p√°ramos delimitados, de los 36 existentes en el pa√≠s
s√°b, 20 ene 2018
Este s√°bado 20 de enero, el presidente Juan Manuel Santos firm√≥ la delimitaci√≥n de siete nuevos p√°ramos. Se trata de Perij√°, en el departamento del ...",https://www.semana.com/delimitacion-de-paramos-santos-delimito-siete-ecosistemas-mas-en-cesar/39364/
2029,"Turismo en Parques Nacionales aument√≥ 14 por ciento en 2017
mar, 6 feb 2018
El aumento de visitantes a los Parques Nacionales Naturales durante 2017 fue de 14,3 por ciento. Esta cifra es el resultado de la implementaci√≥n de ...",https://www.semana.com/turismo-en-parques-nacionales-aumento-14-por-ciento-en-2017/39445/
2030,"El complejo balance del estado de la pesca artesanal en Colombia
jue, 18 ene 2018
Durante el 2017 la Autoridad Nacional de Acuicultura y Pesca (Aunap) estuvo nutriendo el Servicio Estad√≠stico Pesquero Colombiano (Sepec), que se cre√≥ en 2012 para ...",https://www.semana.com/asi-esta-la-pesca-artesanal-en-colombia/39351/
2031,"As√≠ es la tecnolog√≠a de punta para conservar los delfines de r√≠o en la Amazonia
lun, 11 dic 2017
Ver delfines de r√≠o en la Amazonia puede ser relativamente f√°cil. Tanto, que se trata de una de las principales atracciones para los turistas en ...",https://www.semana.com/delfines-de-rio-en-la-amazonia-asi-es-la-tecnologia-para-conservarlos/39156/
2032,"Le explicamos por qu√© el delf√≠n nariz de botella est√° en peligro
vie, 4 ago 2017
Por: Milton L√≥pez Tarabochia / Mongabay Latam En las aguas del Golfo de Guayaquil en Ecuador existe un delf√≠n peculiar que solo se deja ver ...",https://www.semana.com/delfin-nariz-de-botella-esta-en-peligro-porque-no-se-cuida-en-ecuador/38358/
2033,"¬øPor qu√© creci√≥ la poblaci√≥n del c√≥ndor andino en Colombia?
vie, 11 ago 2017
El c√≥ndor andino forma parte del escudo nacional de Colombia. Sin embargo, la poblaci√≥n de esta especie se ha ido reduciendo desde hace varias d√©cadas ...",https://www.semana.com/condor-andino-en-colombia-por-que-crecio-su-poblacion/38401/
2034,"Las conclusiones del debate de control pol√≠tico por la Van der Hammen
mi√©, 26 abr 2017
El pasado martes el alcalde de Bogot√°, Enrique Pe√±alosa, luego de hacerle el quite en varias ocasiones al debate de control pol√≠tico sobre la Reserva ...",https://www.semana.com/penalosa-sufrio-en-el-debate-de-control-politico-por-la-van-der-hammen/37647/
2035,"¬øQu√© pasa con los humedales de Bogot√°?
jue, 2 feb 2017
Colombia es el segundo pa√≠s m√°s biodiverso del mundo y esa distinci√≥n permite que el pa√≠s tenga en su geograf√≠a m√°s de 31.700 humedales registrados. ...",https://www.semana.com/humedales-de-bogota-se-esta-haciendo-algo/36998/
2036,"¬øLa Carrera Verde se qued√≥ sin apoyo de la Alcald√≠a?
jue, 16 feb 2017
Desde hace dos a√±os en Bogot√° se realiza la Carrera Verde, un evento que tiene como principal objetivo la recuperaci√≥n de ecosistemas a trav√©s de ...",https://www.semana.com/penalosa-y-el-apoyo-a-la-carrera-verde/37123/
2037,"‚ÄúProgramas REDD+ deben incluir a quienes hist√≥ricamente han conservado sus bosques‚Äù
dom, 23 oct 2016
Chris Van Dam, Coordinador de Comunidades y Gobernanza Territorial de la ONG Forest Trends estuvo en Colombia para el Taller sobre la Contribuci√≥n de los ...",https://www.semana.com/redd-deben-incluir-a-quienes-historicamente-han-conservado-sus-bosques/36341/
2038,"‚ÄòAviturismo‚Äô en Per√∫: mirarlas en vez de matarlas
mi√©, 16 nov 2016
Por: Ramiro Escobar / Mongabay Latam A las 7:30 de la ma√±ana, en los abundantes bosques amaz√≥nicos de la selva alta peruana, el sol apenas ...",https://www.semana.com/aviturismo-en-peru-mirarlas-en-vez-de-matarlas/36492/
2039,"Cinco nuevos saltamontes descubiertos en las selvas de Nari√±o
vie, 7 oct 2016
La naturaleza de Colombia a veces parece ser una caja de sorpresas. Siempre hay nuevos descubrimientos. Hace unos d√≠as la Fundaci√≥n Ecol√≥gica Los Colibr√≠es de ...",https://www.semana.com/medio-ambiente/articulo/saltamontes-descubiertos-en-las-selvas-de-narino/36235/
2040,"Descuartizan oso para amenazar a Parques Nacionales en Cauca
lun, 26 sept 2016
La aparici√≥n de un paquete con la garra mutilada de un oso de anteojos en la sede de Parques Naturales del Cauca, acompa√±ada de una ...",https://www.semana.com/oso-de-anteojos-descuartizado-para-amenazar-a-parques-nacionales-en-cauca/36144/
2041,"El r√≠o que no se deja llevar por la corriente
mar, 20 sept 2016
*Conservamos por Naturaleza / Mongabay Latam Despu√©s de terminar su plato de yuca, arroz y pl√°tano frito, C√©sar Ch√°vez recibi√≥ una llamada que no pudo ...",https://www.semana.com/el-rio-que-no-se-deja-llevar-por-la-corriente/36105/
2042,"¬øQu√© hacer con la gente que vive en los p√°ramos?
mar, 6 sept 2016
Una de las √∫ltimas misiones de Gabriel Vallejo antes de dejar el Ministerio de Ambiente fue delimitar el p√°ramo de Chingaza, la f√°brica del agua ...",https://www.semana.com/paramos-que-hacer-con-la-gente-que-vive-en-los-paramos/35992/
2043,"Dos mam√≠feros y 63 aves fueron acogidos por el humedal La Conejera de Bogot√°
jue, 29 dic 2022
La Secretar√≠a de Ambiente de Bogot√° inform√≥ que lider√≥ un plan para darle acogida a 65 animales en el Humedal La Conejera. Los humedales de ...",https://www.semana.com/sostenible/medio-ambiente/articulo/dos-mamiferos-y-63-aves-fueron-acogidos-por-el-humedal-la-conejera-de-bogota/202241/
